fuente,id_aviso,tipo,titulo,barrio,barrio_corto,precio,moneda,ambientes,dormitorios,banos,metros_cubiertos,metros_totales,expensas_ars,antiguedad,usd_por_m2,url
argenprop,12113273,Departamento,IMPECABLE DÚPLEX ESTILO CASA! Muy luminoso! Todo a nuevo! Baulera! Cochera fija! Vigilancia! Apto profesional! ÚNICO! OPORT!,"México 4200, Caballito Sur, Caballito, Capital Federal",Caballito,173000.0,USD,,2.0,,100.0,,430000.0,11.0,1730.0,https://www.argenprop.com/departamento-en-venta-en-caballito-sur-3-ambientes--12113273
argenprop,19620697,Departamento,DEPARTAMENTO SEMIPISO 4 AMBIENTES- AL FRENTE CON BALCÓN- COCHERA Y BAULERA- EXCELENTE LISTO PARA ESCRITURAR,"Avenida Directorio 600, Piso 9, Caballito, Capital Federal",Caballito,240000.0,USD,4.0,3.0,2.0,,,230000.0,,,https://www.argenprop.com/departamento-en-venta-en-caballito-4-ambientes--19620697
argenprop,19012224,Departamento,"ESPECTACULAR DEPTO. 2 AMBIENTES DE EPOCA - 87 M SUP. TOTAL- ESTADO ORIGINAL, MUY BIEN CONSERVADO- EXCELENTE ZONA","Ramon Falcon 1300, Caballito Norte, Caballito, Capital Federal",Caballito,115000.0,USD,,1.0,1.0,,,170000.0,80.0,,https://www.argenprop.com/departamento-en-venta-en-caballito-norte-2-ambientes--19012224
argenprop,19620512,Departamento,"DEPARTAMENTO 4 AMBIENTES CON BALCÓN, AMPLIOS Y LUMINOSOS- COCHERA PROPIA- PROPIEDAD DESOCUPADA- CABALLITO","Avenida Juan Bautista Alberdi 1600, Caballito, Capital Federal",Caballito,159900.0,USD,,3.0,,88.0,,270000.0,50.0,1817.0,https://www.argenprop.com/departamento-en-venta-en-caballito-4-ambientes--19620512
argenprop,19556675,Departamento,"DEPARTAMENTO 1 AMBIENTE A ESTRENAR, CABALLITO","José Bonifacio 1600, Piso 5, Caballito, Capital Federal",Caballito,99000.0,USD,,,1.0,31.0,,,0.0,3193.5,https://www.argenprop.com/departamento-en-venta-en-caballito-1-ambiente--19556675
argenprop,19618156,Departamento,"Departamento - Venta - Argentina, Capital Federal - Yerbal 643","Yerbal 600, Piso 2, Caballito, Capital Federal",Caballito,69000.0,USD,,1.0,,23.0,,250000.0,50.0,3000.0,https://www.argenprop.com/departamento-en-venta-en-caballito-2-ambientes--19618156
argenprop,19442521,Departamento,"Venta Departamento 2 ambientes en Caballito, Capital Federal .Piso entero en altura: privacidad real, luz natural y una forma distinta de vivir la ciudad","AV DIAZ VELEZ 5000, Caballito, Capital Federal",Caballito,180000.0,USD,,1.0,,52.0,,200000.0,10.0,3461.5,https://www.argenprop.com/departamento-en-venta-en-caballito-2-ambientes--19442521
argenprop,19099271,Departamento,IMPECABLE PISO! BALCÓN CON VISTA A LA COPA DE LOS ÁRBOLES! Todo luz y sol! Baulera! BAJAS EXPENSAS! ÚNICO! OPORT,"José Andrés Pacheco De Melo 2600, Recoleta, Capital Federal",Recoleta,247000.0,USD,,3.0,,100.0,,205000.0,40.0,2470.0,https://www.argenprop.com/departamento-en-venta-en-recoleta-4-ambientes--19099271
argenprop,19559933,Departamento,IMPECABLE SEMIPISO! BALCÓN AL PULMÓN C/VISTA ABIERTA! Todo luz y sol! Doble circulación! Baulera! ÚNICO! OPORT!,"Sánchez De Bustamante 2600, Recoleta, Capital Federal",Recoleta,240000.0,USD,,3.0,,90.0,,550000.0,40.0,2666.7,https://www.argenprop.com/departamento-en-venta-en-recoleta-4-ambientes--19559933
argenprop,19281245,Departamento,GRAN MONOAMBIENTE DIVISIBLE - PUEYRREDON Y CHARCAS,"PUEYRREDON  al 1200, Recoleta, Capital Federal",Recoleta,135000.0,USD,,1.0,,52.0,,200000.0,6.0,2596.2,https://www.argenprop.com/departamento-en-venta-en-recoleta-2-ambientes--19281245
argenprop,19742680,Departamento,"179,98 m2 venta depto 4 amb con dependencia estilo frances categoría Recoleta","Avenida Pueyrredón al 1200, Recoleta, Capital Federal",Recoleta,332000.0,USD,,3.0,,169.0,,342000.0,80.0,1964.5,https://www.argenprop.com/departamento-en-venta-en-recoleta-4-ambientes--19742680
argenprop,19772669,Departamento,"Semipiso 4 Ambientes, Cochera cubierta,  baño, toilette, habitación servicio o consultorio independiente. Piso 5 frente","ARENALES 3100, Piso 5º, Recoleta, Capital Federal",Recoleta,205000.0,USD,,2.0,,87.0,,300000.0,20.0,2356.3,https://www.argenprop.com/departamento-en-venta-en-recoleta-4-ambientes--19772669
argenprop,19711013,Departamento,Piso de 145m2 - 4 Amb   Dep c/ Balcon aterrazado - Arenales 1100 - Excelente Vista Abierta.,"Arenales  al 1100, Recoleta, Capital Federal",Recoleta,335000.0,USD,,3.0,,110.0,,478000.0,70.0,3045.5,https://www.argenprop.com/departamento-en-venta-en-recoleta-4-ambientes--19711013
argenprop,19578602,Departamento,DEPARTAMENTO VENTA RECOLETA CON PATIO,"AZCUENAGA 900, Recoleta, Capital Federal",Recoleta,130000.0,USD,,2.0,,68.0,,180000.0,40.0,1911.8,https://www.argenprop.com/departamento-en-venta-en-recoleta-2-ambientes--19578602
argenprop,19452180,Departamento,Venta Departamento 3 Ambientes Patio Interno,"Peña 2200, Piso PB, Recoleta, Capital Federal",Recoleta,256000.0,USD,,2.0,3.0,100.0,,200000.0,,2560.0,https://www.argenprop.com/departamento-en-venta-en-recoleta-3-ambientes--19452180
argenprop,18380345,Departamento,Departamento de 3 ambientes con balcón terraza.,"Laprida  al 1700, Recoleta, Capital Federal",Recoleta,198000.0,USD,,2.0,,58.0,,400000.0,55.0,3413.8,https://www.argenprop.com/departamento-en-venta-en-recoleta-3-ambientes--18380345
argenprop,19731733,Departamento,"Amplio 3 amb c/balcon y lav, frente luminoso excel ubicación","Acoyte 200, Piso 2, Caballito Norte, Caballito, Capital Federal",Caballito,158000.0,USD,,2.0,,78.0,,200000.0,45.0,2025.6,https://www.argenprop.com/departamento-en-venta-en-caballito-norte-3-ambientes--19731733
argenprop,19578723,Departamento,IMPECABLE MONOAMBIENTE! Balcón c/vista abierta al pulmón! Muy luminoso! Amplio! BAJAS EXPENSAS! ÚNICO! OPORT!,"Avenida Congreso 2600, Belgrano C, Belgrano, Capital Federal",Belgrano,71000.0,USD,,,1.0,35.0,,120000.0,25.0,2028.6,https://www.argenprop.com/departamento-en-venta-en-belgrano-c-1-ambiente--19578723
argenprop,18668115,Departamento,Departamento 4 ambientes en VENTA en BELGRANO - RETASADO,"11 de Septiembre de 1888  al 2100, Belgrano, Capital Federal",Belgrano,269000.0,USD,,3.0,,115.0,,690000.0,50.0,2339.1,https://www.argenprop.com/departamento-en-venta-en-belgrano-4-ambientes--18668115
argenprop,12110765,Departamento,IMPECABLE DÚPLEX ESTILO CASA! Muy luminoso! Todo a nuevo! Baulera! Cochera fija! Vigilancia! Apto profesional! ÚNICO! OPORT!,"Mexico 4200, Almagro Sur, Almagro, Capital Federal",Almagro,173000.0,USD,,2.0,,100.0,,430000.0,10.0,1730.0,https://www.argenprop.com/departamento-en-venta-en-almagro-sur-3-ambientes--12110765
argenprop,19255522,Departamento,IMPEC! BALCÓN AL FRENTE C/ESPECTACULAR VISTA ABIERTA! Todo luz y sol! Terraza de uso exclusivo c/parrilla! Baul! ÚNICO! OPORT!,"Venezuela 4000, Almagro Sur, Almagro, Capital Federal",Almagro,105000.0,USD,,2.0,,85.0,,220000.0,40.0,1235.3,https://www.argenprop.com/departamento-en-venta-en-almagro-sur-3-ambientes--19255522
argenprop,17475032,Departamento,Viví Almagro | 3 Ambientes Reciclado a Nuevo a Mts del Subte,"Colombres 100, Almagro, Capital Federal",Almagro,114800.0,USD,,2.0,1.0,52.0,,158000.0,,2207.7,https://www.argenprop.com/departamento-en-venta-en-almagro-3-ambientes--17475032
argenprop,19801102,Departamento,"Semipiso 3 Ambientes, Cochera Fija cubierta, baulera, SUITE dos baños completos, balcón aterrazado. Subte B","Av.  CORRIENTES 4400, Piso 6º, Almagro, Capital Federal",Almagro,230000.0,USD,,2.0,,74.0,,336000.0,15.0,3108.1,https://www.argenprop.com/departamento-en-venta-en-almagro-3-ambientes--19801102
argenprop,19806821,Departamento,Hermoso piso 3 ambientes de 103m2 al frente con balcón a reciclar,"Doctor Juan Felipe Aranguren 500, Piso 5, Caballito, Capital Federal",Caballito,175000.0,USD,3.0,2.0,1.0,,,190000.0,,,https://www.argenprop.com/departamento-en-venta-en-caballito-3-ambientes--19806821
argenprop,19347294,Departamento,Semipiso Exclusivo en Recoleta con vista al rio,"RIOBAMBA 1200, Piso 15, Recoleta, Capital Federal",Recoleta,0.0,USD,5.0,4.0,4.0,,,1200000.0,,,https://www.argenprop.com/departamento-en-venta-en-recoleta-5-ambientes--19347294
argenprop,19340086,Departamento,"Departamento - Venta - Argentina, Capital Federal - Av. rivadavia 3984","Av. rivadavia 3900, Piso 1, Almagro, Capital Federal",Almagro,118000.0,USD,,1.0,,67.0,,126000.0,51.0,1761.2,https://www.argenprop.com/departamento-en-venta-en-almagro-2-ambientes--19340086
argenprop,19028939,Departamento,Departamento en venta 2 amb. Terraza propia. Apto Crédito,"San Luis 3300, Piso 7, Almagro, Capital Federal",Almagro,88000.0,USD,,1.0,1.0,28.0,,110000.0,,3142.9,https://www.argenprop.com/departamento-en-venta-en-almagro-2-ambientes--19028939
argenprop,16661507,Departamento,Lavalle Plaza,"LAVALLE 4000, Piso 3, Almagro, Capital Federal",Almagro,73750.0,USD,,,1.0,29.0,,,1.0,2543.1,https://www.argenprop.com/departamento-en-venta-en-almagro-1-ambiente--16661507
argenprop,18216571,Departamento,Dueño Directo: 3 Ambientes con Cochera en Caballito,"Rio de Janeiro 200, Piso 1, Parque Rivadavia, Caballito, Capital Federal",Caballito,129000.0,USD,,2.0,,57.0,,240000.0,20.0,2263.2,https://www.argenprop.com/departamento-en-venta-en-parque-rivadavia-3-ambientes--18216571
argenprop,16780376,Departamento,Quito 4330,"QUITO 4300, Piso 11, Almagro, Capital Federal",Almagro,198000.0,USD,,2.0,,60.0,,232000.0,0.0,3300.0,https://www.argenprop.com/departamento-en-venta-en-almagro-3-ambientes--16780376
argenprop,18919858,Departamento,Venta 2 Ambientes en Belgrano | A metros de Av. Libertador,"Sucre 1500, Piso 4, Belgrano, Capital Federal",Belgrano,89000.0,USD,,1.0,,39.0,,245000.0,50.0,2282.1,https://www.argenprop.com/departamento-en-venta-en-belgrano-2-ambientes--18919858
argenprop,19090398,Departamento,Departamento en venta en Botanico ARAOZ AL 2400,"ARAOZ 2400, Piso 3, Botanico, Palermo, Capital Federal",Palermo,270000.0,USD,,3.0,,135.0,,500000.0,50.0,2000.0,https://www.argenprop.com/departamento-en-venta-en-botanico-4-ambientes--19090398
argenprop,19690642,Departamento,Depto 2 Amb. a Estrenar c/cochera y balcón corrido. Amenities. Entrega Inmediata,"Belgrano 4022, Almagro, Capital Federal",Almagro,158000.0,USD,,1.0,,50.0,,110000.0,0.0,3160.0,https://www.argenprop.com/departamento-en-venta-en-almagro-2-ambientes--19690642
argenprop,19690658,Departamento,Duplex 3 Ambientes a Estrenar C/terraza Propia y Parrilla. Amenities.,"Belgrano 4022, Almagro, Capital Federal",Almagro,279000.0,USD,,2.0,,170.0,,165000.0,0.0,1641.2,https://www.argenprop.com/departamento-en-venta-en-almagro-3-ambientes--19690658
argenprop,13636264,Departamento,TRES AMBIENTES AL FRENTE CON BALCON LUMINOSO,"J Salguero 100, Piso 5, Almagro, Capital Federal",Almagro,109000.0,USD,,2.0,,57.0,,135000.0,50.0,1912.3,https://www.argenprop.com/departamento-en-venta-en-almagro-3-ambientes--13636264
argenprop,14471336,Departamento,DOS AMBIENTES PB  FRENTE ENTRADA INDEPEND : APTO PROFESIONAL Actualmente Alquilado con Buena renta,"Humahuaca 4600, Piso pb, Almagro, Capital Federal",Almagro,89000.0,USD,,,1.0,52.0,,180000.0,,1711.5,https://www.argenprop.com/departamento-en-venta-en-almagro--14471336
argenprop,19662432,Departamento,Departamento 2 amb. 42 m2 c/patio en el Barrio Chino,"Av. Juramento 1700, Belgrano C, Belgrano, Capital Federal",Belgrano,105000.0,USD,,1.0,,36.0,,98000.0,50.0,2916.7,https://www.argenprop.com/departamento-en-venta-en-belgrano-c-2-ambientes--19662432
argenprop,16662050,Departamento,SENILLOSA 790,"SENILLOSA 700, Piso 7, Caballito, Capital Federal",Caballito,85000.0,USD,,,1.0,27.0,,,1.0,3148.1,https://www.argenprop.com/departamento-en-venta-en-caballito-1-ambiente--16662050
argenprop,18725426,Departamento,Departamento de 3 ambientes con dependencia en venta en Recoleta,"Peña  al 2500, Recoleta, Capital Federal",Recoleta,220000.0,USD,,2.0,,80.0,,250000.0,60.0,2750.0,https://www.argenprop.com/departamento-en-venta-en-recoleta-3-ambientes--18725426
argenprop,19099582,Departamento,Venta departamento dos ambientes luminoso en Recoleta,"Anchorena  al 1400, Recoleta, Capital Federal",Recoleta,132000.0,USD,,1.0,,33.0,,198800.0,45.0,4000.0,https://www.argenprop.com/departamento-en-venta-en-recoleta-2-ambientes--19099582
argenprop,19506758,Departamento,Departamento en venta en Caballito,"Rosario 800, Piso 5, Caballito, Capital Federal",Caballito,139900.0,USD,,2.0,,60.0,,212000.0,45.0,2331.7,https://www.argenprop.com/departamento-en-venta-en-caballito-3-ambientes--19506758
argenprop,19678832,Departamento,Venta departamento 3 ambientes en Belgrano. Dependencia.,"O'higgins 1800, Piso 8, Belgrano, Capital Federal",Belgrano,182000.0,USD,,2.0,,73.0,,270000.0,40.0,2493.2,https://www.argenprop.com/departamento-en-venta-en-belgrano-3-ambientes--19678832
argenprop,19662726,Departamento,Venta Departamento 2 ambientes impecable estado   en Belgrano,"Echeverria  al 1300, Belgrano, Capital Federal",Belgrano,117000.0,USD,,1.0,,37.0,,148000.0,50.0,3162.2,https://www.argenprop.com/departamento-en-venta-en-belgrano-2-ambientes--19662726
argenprop,19505667,Departamento,Depto 3 Amb 76 m2  Reciclado Frente Luminoso Balcón Corrido,"Olazábal 2300, Belgrano, Capital Federal",Belgrano,195000.0,USD,,2.0,,69.0,,170000.0,40.0,2826.1,https://www.argenprop.com/departamento-en-venta-en-belgrano-3-ambientes--19505667
argenprop,17156218,Departamento,Senillosa 527 - Proyecto del Arq. AZCUY,"Senillosa 500, Piso 8, Caballito Sur, Caballito, Capital Federal",Caballito,220000.0,USD,,1.0,,100.0,,550000.0,15.0,2200.0,https://www.argenprop.com/departamento-en-venta-en-caballito-sur-2-ambientes--17156218
argenprop,18930941,Departamento,VENTA | 4 AMBIENTES CON BALCÓN TERRAZA | CABALLITO,"SAN JOSE DE CALASANZ 200, Piso 2, Caballito, Capital Federal",Caballito,440000.0,USD,,3.0,,143.0,,927500.0,0.0,3076.9,https://www.argenprop.com/departamento-en-venta-en-caballito-4-ambientes--18930941
argenprop,19175468,Departamento,Departamento en venta 2 ambientes  c/ balcon -  46 mts  - Belgrano,"Sucre al 1400, Belgrano C, Belgrano, Capital Federal",Belgrano,138000.0,USD,,1.0,,40.0,,130000.0,40.0,3450.0,https://www.argenprop.com/departamento-en-venta-en-belgrano-c-2-ambientes--19175468
argenprop,16662292,Departamento,"1, 2 y 3 ambientes","GALLO 500, Piso 9, Almagro, Capital Federal",Almagro,138900.0,USD,,1.0,,52.0,,,0.0,2671.2,https://www.argenprop.com/departamento-en-venta-en-almagro-2-ambientes--16662292
argenprop,19730922,Departamento,4 ambientes al frente con balcon,"Corrientes 5000, Piso 2, Villa Crespo, Capital Federal",Villa Crespo,199000.0,USD,,3.0,,91.0,,220000.0,67.0,2186.8,https://www.argenprop.com/departamento-en-venta-en-villa-crespo-4-ambientes--19730922
argenprop,19215284,Departamento,Av. La Plata 500 Departamento 2 Ambientes en Caballito VENTA,"Av. La Plata 500 Departamento Caballito, Caballito, Capital Federal",Caballito,118000.0,USD,,1.0,,57.0,,176000.0,52.0,2070.2,https://www.argenprop.com/departamento-en-venta-en-caballito-2-ambientes--19215284
argenprop,19737197,Departamento,Semipiso 4 ambientes baño y toilette. 7° piso muy luminoso,"Rio de janeiro 100, Piso 7, Caballito, Capital Federal",Caballito,128000.0,USD,,3.0,,75.0,,210000.0,60.0,1706.7,https://www.argenprop.com/departamento-en-venta-en-caballito-3-ambientes--19737197
argenprop,19710932,Departamento,"86m2 - Excelente 3 amb, A estrenar, detalles de categoría opcional cochera","Behring al 2500, Villa Urquiza, Capital Federal",Villa Urquiza,210000.0,USD,,2.0,,72.0,,,0.0,2916.7,https://www.argenprop.com/departamento-en-venta-en-villa-urquiza-3-ambientes--19710932
argenprop,16847795,Departamento,2 AMBIENTES A ESTRENAR - AMENITIES - VILLA URQUIZA,"Pacheco al 2900, Villa Urquiza, Capital Federal",Villa Urquiza,132000.0,USD,,1.0,,40.0,,150000.0,0.0,3300.0,https://www.argenprop.com/departamento-en-venta-en-villa-urquiza-2-ambientes--16847795
argenprop,19431051,Departamento,Departamento Recoleta 5 Ambientes Sobre Libertador Vista Abierta Al Rio C/dependencia Y Cochera,"Avenida Del Libertador 1000, Piso 14, Recoleta, Capital Federal",Recoleta,330000.0,USD,,3.0,,128.16,,450000.0,45.0,2574.9,https://www.argenprop.com/departamento-en-venta-en-recoleta-5-ambientes--19431051
argenprop,19250749,Departamento,Luminoso departamento con cochera opcional y vista abierta hacia el contrafrente en Villa Urquiza.,"Av. Congreso 4771, Villa Urquiza, Capital Federal",Villa Urquiza,94000.0,USD,,1.0,,33.0,,80000.0,6.0,2848.5,https://www.argenprop.com/departamento-en-venta-en-villa-urquiza-1-ambiente--19250749
argenprop,19120172,Departamento,"Departamento en edificio Premium:  Green House, Amenities, microcine, dos piscinas, balcon aterrazado al contrafrente, vista arbolada. Aquí el Departamento:","Mariscal Antonio Sucre 4200, Piso 2, Urquiza R, Villa Urquiza, Capital Federal",Villa Urquiza,118000.0,USD,,,1.0,38.5,,260000.0,11.0,3064.9,https://www.argenprop.com/departamento-en-venta-en-urquiza-r-1-ambiente--19120172
argenprop,19306753,Departamento,"Villa Urquiza Piso Palier privado, Balcón Terraza Hab En Suite 3 Dormitorios,","Blanco encalada  al 4700, Villa Urquiza, Capital Federal",Villa Urquiza,390000.0,USD,,3.0,,150.0,,230000.0,35.0,2600.0,https://www.argenprop.com/departamento-en-venta-en-villa-urquiza-5-ambientes--19306753
argenprop,18931716,Departamento,"49,40 m2 - 2 amb  en construcción  Parque Chas Financiación en Pesos – Entrega estimada 10/202767","AVALOS  al 1200, Villa Urquiza, Capital Federal",Villa Urquiza,110000.0,USD,,1.0,,44.0,,,1.0,2500.0,https://www.argenprop.com/departamento-en-venta-en-villa-urquiza-2-ambientes--18931716
argenprop,19710915,Departamento,56m2 - Excelente 2 amb con gran balcon terraza - con terminaciones de categoría,"Behring al 2500, Villa Urquiza, Capital Federal",Villa Urquiza,150000.0,USD,,1.0,,40.0,,,0.0,3750.0,https://www.argenprop.com/departamento-en-venta-en-villa-urquiza-2-ambientes--19710915
argenprop,19330188,Departamento,1 Ambiente a Estrenar al Frente con Balcón y Vista Abierta en Villa Urquiza,"Leguizamon 3700 esq Av. Congreso  al 4800, Villa Urquiza, Capital Federal",Villa Urquiza,90000.0,USD,,1.0,,37.0,,,0.0,2432.4,https://www.argenprop.com/departamento-en-venta-en-villa-urquiza-1-ambiente--19330188
argenprop,19111354,Departamento,"DEPARTAMENTO 2 AMBIENTES A ESTRENAR, CABALLITO","José Bonifacio 1600, Piso 6, Caballito, Capital Federal",Caballito,147500.0,USD,,1.0,,46.0,,,0.0,3206.5,https://www.argenprop.com/departamento-en-venta-en-caballito-2-ambientes--19111354
argenprop,19233237,Departamento,"Semi piso 4 amb al frente, con dep. balcón y cochera s/P.Goyena","Pedro Goyena  al 1600, Caballito, Capital Federal",Caballito,300000.0,USD,,3.0,,105.0,,,30.0,2857.1,https://www.argenprop.com/departamento-en-venta-en-caballito-5-ambientes--19233237
argenprop,19437925,Departamento,Departamento en Venta en Belgrano,"Av. Cramer 2400, Belgrano R, Belgrano, Capital Federal",Belgrano,270000.0,USD,,3.0,2.0,103.65,,220000.0,,2604.9,https://www.argenprop.com/departamento-en-venta-en-belgrano-r-4-ambientes--19437925
argenprop,19732906,Departamento,Amplio 4 amb con patio jardin excelente ubicacion,"French 3000, Piso 1, Barrio Norte, Capital Federal",Barrio Norte,357000.0,USD,,3.0,,85.0,,250000.0,42.0,4200.0,https://www.argenprop.com/departamento-en-venta-en-barrio-norte-4-ambientes--19732906
argenprop,19690781,Departamento,Departamento 2  ambientes venta Almagro A ESTRENAR CON COCHERA,"Av. Boedo200, Almagro Sur, Almagro, Capital Federal",Almagro,160000.0,USD,,1.0,,50.0,,250000.0,0.0,3200.0,https://www.argenprop.com/departamento-en-venta-en-almagro-sur-2-ambientes--19690781
argenprop,18246091,Departamento,"Villa Urquiza Piso Palier privado, Balcón Terraza Hab En Suite 3 Dormitorios,","Blanco encalada  al 4700, Villa Urquiza, Capital Federal",Villa Urquiza,390000.0,USD,,3.0,,150.0,,230000.0,35.0,2600.0,https://www.argenprop.com/departamento-en-venta-en-villa-urquiza-5-ambientes--18246091
argenprop,19711529,Departamento,EXCELENTE 2 AMBIENTES RECICLADO A NUEVO - BALVANERA,"Ecuador  al 600, Barrio Norte, Capital Federal",Barrio Norte,62000.0,USD,,1.0,,38.0,,130000.0,50.0,1631.6,https://www.argenprop.com/departamento-en-venta-en-barrio-norte-2-ambientes--19711529
argenprop,17954907,Departamento,3 AMB  con balcón al contrafrente,"Luis Maria Drago 278 , Piso 2, Villa Crespo, Capital Federal",Villa Crespo,120000.0,USD,,2.0,,52.0,,140000.0,40.0,2307.7,https://www.argenprop.com/departamento-en-venta-en-villa-crespo-3-ambientes--17954907
argenprop,19768848,Departamento,4 amb con cochera en venta en Las Cañitas. Gran terraza.,"Av. Del Libertador 4900, Piso 3, Belgrano Barrancas, Belgrano, Capital Federal",Belgrano,415000.0,USD,,3.0,3.0,154.0,,700000.0,,2694.8,https://www.argenprop.com/departamento-en-venta-en-belgrano-barrancas-4-ambientes--19768848
argenprop,19770759,Departamento,Dúplex 4 amb con terraza propia en Belgrano,"AV CABILDO 2600, Belgrano, Capital Federal",Belgrano,310000.0,USD,,3.0,,131.0,,1060000.0,60.0,2366.4,https://www.argenprop.com/departamento-en-venta-en-belgrano-4-ambientes--19770759
argenprop,19734283,Departamento,"153m2, Semipiso de 4 ambientes con cochera y baulera  uminoso con Vista Panorámica , Belgrano R","Forest al 1500, Belgrano R, Belgrano, Capital Federal",Belgrano,440000.0,USD,,2.0,,142.0,,,30.0,3098.6,https://www.argenprop.com/departamento-en-venta-en-belgrano-r-4-ambientes--19734283
argenprop,19798666,Departamento,MONOAMBIENTE EN VENTA BELGRANO,"Cabildo 2000, Belgrano, Capital Federal",Belgrano,65000.0,USD,,,1.0,26.0,,90000.0,20.0,2500.0,https://www.argenprop.com/departamento-en-venta-en-belgrano-1-ambiente--19798666
argenprop,19524336,Departamento,Venta depto 3 amb + Escritorio y bauleraDepartamento en venta en Caballito Sur,"San José De Calasanz 400, Piso 1, Caballito Sur, Caballito, Capital Federal",Caballito,174900.0,USD,,2.0,,86.0,,280000.0,45.0,2033.7,https://www.argenprop.com/departamento-en-venta-en-caballito-sur-3-ambientes--19524336
argenprop,19741473,Departamento,Departamento en venta de 3 ambientes en Nuñez. Piscina.,"Av. Del Libertador 7700, Piso 4, Nuñez, Capital Federal",Nuñez,220000.0,USD,,2.0,,58.0,,300000.0,20.0,3793.1,https://www.argenprop.com/departamento-en-venta-en-nunez-3-ambientes--19741473
argenprop,16661425,Departamento,ESPACIO SCALABRINI,"Scalabrini Ortiz 300, Piso 8, Villa Crespo, Capital Federal",Villa Crespo,145000.0,USD,,1.0,2.0,50.0,,,,2900.0,https://www.argenprop.com/departamento-en-venta-en-villa-crespo-2-ambientes--16661425
argenprop,19778091,Departamento,Departamento en venta en Recoleta,"Arenales 3000, Piso 8, Recoleta, Capital Federal",Recoleta,170000.0,USD,,2.0,,81.0,,233000.0,60.0,2098.8,https://www.argenprop.com/departamento-en-venta-en-recoleta-3-ambientes--19778091
argenprop,19760196,Departamento,Dos ambientes reciclado listo para entrar.,"VIDAL 3300, Piso 2, Nuñez, Capital Federal",Nuñez,120000.0,USD,,1.0,,42.0,,143000.0,43.0,2857.1,https://www.argenprop.com/departamento-en-venta-en-nunez-2-ambientes--19760196
argenprop,19391585,Departamento,Departamento 3 Ambientes a Estrenar – 73 m² Totales – Orientación Norte – Apto Profesional.,"Av. Olazabal al 5400, Villa Urquiza, Capital Federal",Villa Urquiza,200000.0,USD,,2.0,,73.0,,190000.0,0.0,2739.7,https://www.argenprop.com/departamento-en-venta-en-villa-urquiza-3-ambientes--19391585
argenprop,19443542,Departamento,Departamento en Venta 3 Amb con dependencia en Recoleta,"Junin al 1000, Recoleta, Capital Federal",Recoleta,210000.0,USD,,2.0,,75.0,,351000.0,45.0,2800.0,https://www.argenprop.com/departamento-en-venta-en-recoleta-3-ambientes--19443542
argenprop,19448295,Departamento,Departamento 3 ambientes en Venta en Nuñez con COCHERA y AMENITIES,"Av. Cabildo  al 4600, Nuñez, Capital Federal",Nuñez,235000.0,USD,,2.0,,62.0,,,1.0,3790.3,https://www.argenprop.com/departamento-en-venta-en-nunez-3-ambientes--19448295
argenprop,17928481,Departamento,Oportunidad Única! Departamento en Planta Baja de 3 Ambientes con Amplio Patio,"Echeverria 4900, Piso PB, Villa Urquiza, Capital Federal",Villa Urquiza,250000.0,USD,,2.0,,73.0,,,0.0,3424.7,https://www.argenprop.com/departamento-en-venta-en-villa-urquiza-3-ambientes--17928481
argenprop,17693899,Departamento,"Villa Urquiza: El 4 Ambientes de Tus Sueños, con Terraza, Cochera y Financiación","Echeverria 4900, Piso 8, Villa Urquiza, Capital Federal",Villa Urquiza,495000.0,USD,,3.0,,130.0,,,0.0,3807.7,https://www.argenprop.com/departamento-en-venta-en-villa-urquiza-4-ambientes--17693899
argenprop,19397716,Departamento,Monoambiente Divisible a Estrenar – 34 m² Totales – Contrafrente – Apto Profesional,"Av. Olazabal al 5400, Villa Urquiza, Capital Federal",Villa Urquiza,85000.0,USD,,,1.0,34.0,,88000.0,0.0,2500.0,https://www.argenprop.com/departamento-en-venta-en-villa-urquiza-1-ambiente--19397716
argenprop,8310862,Departamento,Departamento venta apto profesional en quesada - belgrano,"Quesada 2300, Piso 17, Belgrano C, Belgrano, Capital Federal",Belgrano,150000.0,USD,,2.0,1.0,57.0,,280000.0,,2631.6,https://www.argenprop.com/departamento-en-venta-en-belgrano-c-3-ambientes--8310862
argenprop,19652780,Departamento,Venta Departamento  Monoambiente divisible con cochera en Green Haus,"Sucre  al 4200, Villa Urquiza, Capital Federal",Villa Urquiza,137000.0,USD,,,1.0,33.0,,313000.0,5.0,4151.5,https://www.argenprop.com/departamento-en-venta-en-villa-urquiza-1-ambiente--19652780
argenprop,16661566,Departamento,Smart Point Villa Urquiza,"LE BRETON, TOMAS 5000, Piso 8, Villa Urquiza, Capital Federal",Villa Urquiza,161400.0,USD,,1.0,,50.0,,,1.0,3228.0,https://www.argenprop.com/departamento-en-venta-en-villa-urquiza-2-ambientes--16661566
argenprop,19459404,Departamento,Edificio Victor Martinez 457 (Caballito Sur) - Venta Sexto Piso,"Victor Martínez 400, Piso 6, Caballito Sur, Caballito, Capital Federal",Caballito,530000.0,USD,,3.0,,130.0,,350000.0,0.0,4076.9,https://www.argenprop.com/departamento-en-venta-en-caballito-sur-4-ambientes--19459404
argenprop,18956981,Departamento,Departamento único con patio/terraza de 110m2 en el cid campeador,"Hidalgo 1000, Piso 1, Cid Campeador, Caballito, Capital Federal",Caballito,168000.0,USD,,2.0,,49.0,,150000.0,50.0,3428.6,https://www.argenprop.com/departamento-en-venta-en-cid-campeador-3-ambientes--18956981
argenprop,19785217,Departamento,Excelente semi piso de 3 amb con patio y cochera,"Cramer 2600, Piso 1º, Belgrano, Capital Federal",Belgrano,235000.0,USD,,2.0,,60.0,,,20.0,3916.7,https://www.argenprop.com/departamento-en-venta-en-belgrano-3-ambientes--19785217
argenprop,18033019,Departamento,"Departamento de 4 amb. con dependencia y playroom,  patio parrilla y cochera","Otamendi al 200, Caballito Sur, Caballito, Capital Federal",Caballito,360000.0,USD,,3.0,,159.0,,350000.0,30.0,2264.2,https://www.argenprop.com/departamento-en-venta-en-caballito-sur-4-ambientes--18033019
argenprop,16367684,Departamento,VENTA PISO CUATRO AMBIENTES CON TERRAZA EXCLUSIVA- CABALLITO- INCLUYE DOS COCHERAS,"Puan 344, Caballito, Capital Federal",Caballito,475000.0,USD,,3.0,,127.0,,387000.0,0.0,3740.2,https://www.argenprop.com/departamento-en-venta-en-caballito-4-ambientes--16367684
argenprop,19606151,Departamento,Departamento en Venta de 3 ambientes en BELGRANO,"Cabildo  al 2900, Nuñez, Capital Federal",Nuñez,195000.0,USD,,2.0,,67.0,,216829.0,45.0,2910.4,https://www.argenprop.com/departamento-en-venta-en-nunez-3-ambientes--19606151
argenprop,16661634,Departamento,"NÚÑEZ | E6 Parque de Innovación 1, 2 y 3 amb. Full","Libertador 6900, Piso 1, Nuñez, Capital Federal",Nuñez,219574.0,USD,,,1.0,39.0,,,1.0,5630.1,https://www.argenprop.com/departamento-en-venta-en-nunez-1-ambiente--16661634
argenprop,17405424,Departamento,Departamento 3 Amb 80m Cochera Amenities V. Urquiza Doho,"Juramento 4200, Villa Urquiza, Capital Federal",Villa Urquiza,280000.0,USD,,2.0,,75.0,,,6.0,3733.3,https://www.argenprop.com/departamento-en-venta-en-villa-urquiza-3-ambientes--17405424
argenprop,16479615,Departamento,ECHEVERRÍA 4957,"Echeverria 4900, Piso 3, Villa Urquiza, Capital Federal",Villa Urquiza,85000.0,USD,,,1.0,30.6,,,,2777.8,https://www.argenprop.com/departamento-en-venta-en-villa-urquiza-1-ambiente--16479615
argenprop,18449988,Departamento,VENTA 3 AMB CABALLITO MUY BUEN ESTADO CON PATIO,"Avenida Pedro Goyena 100, Caballito, Capital Federal",Caballito,115000.0,USD,3.0,2.0,1.0,,,,,,https://www.argenprop.com/departamento-en-venta-en-caballito-3-ambientes--18449988
argenprop,16661637,Departamento,CASTILLO 246,"CASTILLO 200, Piso 1, Villa Crespo, Capital Federal",Villa Crespo,215000.0,USD,,2.0,1.0,67.0,,,,3209.0,https://www.argenprop.com/departamento-en-venta-en-villa-crespo-3-ambientes--16661637
argenprop,19672269,Departamento,Mario Bravo 50 Departamento 3 Ambientes Venta Almagro,"Mario Bravo 51, Almagro, Capital Federal",Almagro,79000.0,USD,,2.0,,42.0,,117000.0,45.0,1881.0,https://www.argenprop.com/departamento-en-venta-en-almagro-3-ambientes--19672269
argenprop,19486728,Departamento,Departamento de 3 ambientes integramente refaccionado en Nuñez,"O'Higgins al 4600, Nuñez, Capital Federal",Nuñez,149000.0,USD,,2.0,,55.0,,140000.0,50.0,2709.1,https://www.argenprop.com/departamento-en-venta-en-nunez-3-ambientes--19486728
argenprop,19650035,Departamento,Semipiso al frente con balcon y cochera en venta en Caballito,"Campichuelo 400, Caballito, Capital Federal",Caballito,178000.0,USD,4.0,2.0,2.0,,,400000.0,,,https://www.argenprop.com/departamento-en-venta-en-caballito-4-ambientes--19650035
argenprop,19654242,Departamento,Dueño directo vende exclusivo 2 ambientes con amenities sobre Av. Pedro Goyena,"Avenida Pedro Goyena 1600, Piso 8, Caballito Sur, Caballito, Capital Federal",Caballito,163000.0,USD,,1.0,,45.15,,135000.0,8.0,3610.2,https://www.argenprop.com/departamento-en-venta-en-caballito-sur-2-ambientes--19654242
argenprop,17072594,Departamento,EXCELENTE DEPARTAMENTO DUEÑO DIRECTO SIN COMISION  ESCUCHO OFERTAS,"Gallo 1000, Barrio Norte, Capital Federal",Barrio Norte,80000.0,USD,,,1.0,35.0,,,,2285.7,https://www.argenprop.com/departamento-en-venta-en-barrio-norte-1-ambiente--17072594
argenprop,18641432,Departamento,ARCOS 2460,"ARCOS 2400, Piso 2, Belgrano, Capital Federal",Belgrano,106000.0,USD,,,1.0,35.35,,,,2998.6,https://www.argenprop.com/departamento-en-venta-en-belgrano-1-ambiente--18641432
argenprop,19070742,Departamento,Departamento 3 ambientes a estrenar en Caballito con amenities,"Av La Plata  al 600, Caballito, Capital Federal",Caballito,162000.0,USD,,2.0,,47.0,,300000.0,0.0,3446.8,https://www.argenprop.com/departamento-en-venta-en-caballito-3-ambientes--19070742
argenprop,19738417,Departamento,Departamento en Belgrano,"Juramento  al 1800, Belgrano Barrancas, Belgrano, Capital Federal",Belgrano,255000.0,USD,,3.0,,105.0,,,50.0,2428.6,https://www.argenprop.com/departamento-en-venta-en-belgrano-barrancas-4-ambientes--19738417
argenprop,19730935,Departamento,Excelente 3 amb por estado y ubicacion fte balcon luminoso,"Estado De Israel 4600, Piso 6, Villa Crespo, Capital Federal",Villa Crespo,114000.0,USD,,2.0,,60.0,,210000.0,62.0,1900.0,https://www.argenprop.com/departamento-en-venta-en-villa-crespo-3-ambientes--19730935
argenprop,19556770,Departamento,Departamento próximo a entrega!,"AV. SCALABRINI ORTIZ 300, Piso 8, Villa Crespo, Capital Federal",Villa Crespo,190000.0,USD,,1.0,,50.0,,,0.0,3800.0,https://www.argenprop.com/departamento-en-venta-en-villa-crespo-2-ambientes--19556770
argenprop,19664717,Departamento,Luminoso 2 Ambientes Ubicado en Libertador y Sucre,"Mariscal antonio jose de sucre 1500, Piso 6, Belgrano C, Belgrano, Capital Federal",Belgrano,149000.0,USD,,1.0,,37.0,,200000.0,35.0,4027.0,https://www.argenprop.com/departamento-en-venta-en-belgrano-c-2-ambientes--19664717
argenprop,19807879,Departamento,Semipiso en venta de categoría 3 ambientes Recoleta,"Paraná al 900, Recoleta, Capital Federal",Recoleta,250000.0,USD,,2.0,,94.0,,250000.0,60.0,2659.6,https://www.argenprop.com/departamento-en-venta-en-recoleta-3-ambientes--19807879
argenprop,19229001,Departamento,- REBAJADO - Departamento 3 amb tipo casa con 2 patios en Caballito,"Guayaquil 500, Piso PB, Caballito, Capital Federal",Caballito,117900.0,USD,3.0,2.0,1.0,,,150000.0,,,https://www.argenprop.com/departamento-en-venta-en-caballito-3-ambientes--19229001
argenprop,19637160,Departamento,Dueño Vende excelente Departamento en Caballito Norte,"YERBAL 1600, Piso 6, Caballito Norte, Caballito, Capital Federal",Caballito,165000.0,USD,,2.0,2.0,,,204000.0,25.0,,https://www.argenprop.com/departamento-en-venta-en-caballito-norte-3-ambientes--19637160
argenprop,18229654,Departamento,Departamento en venta en Caballito,"Hidalgo al 800, Caballito, Capital Federal",Caballito,168566.0,USD,,2.0,,59.0,,,0.0,2857.1,https://www.argenprop.com/departamento-en-venta-en-caballito-3-ambientes--18229654
argenprop,19800281,Departamento,Venta Departamento piso 27 a estr 3 amb 126 m2 Bcón Nuñez,"Av Libertador 7400, Piso 27, Nuñez, Capital Federal",Nuñez,720000.0,USD,,2.0,,120.0,,900000.0,0.0,6000.0,https://www.argenprop.com/departamento-en-venta-en-nunez-3-ambientes--19800281
argenprop,19119223,Departamento,1 ambiente en venta. Vista panóramica. Excelente ubicación,"Hidalgo 100, Piso 6, Caballito, Capital Federal",Caballito,54000.0,USD,,,1.0,,,68438.0,50.0,,https://www.argenprop.com/departamento-en-venta-en-caballito-1-ambiente--19119223
argenprop,17813920,Departamento,SEMIPISO 3 AMB - FTE - 2 BAÑOS - BALCON CORRIDO,"Fernandez Blanco 2300, Villa Urquiza, Capital Federal",Villa Urquiza,175000.0,USD,,2.0,2.0,50.0,,,,3500.0,https://www.argenprop.com/departamento-en-venta-en-villa-urquiza-3-ambientes--17813920
argenprop,19668951,Departamento,VENTA  de depto 2 amb con balcon en Villa Crespo,"LAVALLEJA 700, Piso 2, Villa Crespo, Capital Federal",Villa Crespo,105000.0,USD,,1.0,,48.0,,235000.0,60.0,2187.5,https://www.argenprop.com/departamento-en-venta-en-villa-crespo-2-ambientes--19668951
argenprop,19719120,Departamento,Venta Departamento 3 ambientes Villa Crespo,"Villarroel al 1000, Villa Crespo, Capital Federal",Villa Crespo,199900.0,USD,,2.0,,61.0,,350000.0,1.0,3277.0,https://www.argenprop.com/departamento-en-venta-en-villa-crespo-3-ambientes--19719120
argenprop,19742581,Departamento,Venta de departamento 4 amb. con amenities en Recoleta.,"Av. Coronel Díaz  al 2000, Recoleta, Capital Federal",Recoleta,285000.0,USD,,3.0,,76.0,,600000.0,70.0,3750.0,https://www.argenprop.com/departamento-en-venta-en-recoleta-4-ambientes--19742581
argenprop,19065822,Departamento,Venta Departamento 2 Ambientes Nuñez a estrenar,"Av. Cramer al 3300, Nuñez, Capital Federal",Nuñez,150000.0,USD,,1.0,,42.0,,176700.0,0.0,3571.4,https://www.argenprop.com/departamento-en-venta-en-nunez-2-ambientes--19065822
argenprop,19244193,Departamento,"DEPARTAMENTO 4 DORMITORIOS - BELGRANO C/CHICO/BARRANCAS, CAPITAL FEDERAL","JOSE HERNANDEZ 2000, Piso 8, Belgrano C, Belgrano, Capital Federal",Belgrano,560000.0,USD,,4.0,,208.0,,640000.0,66.0,2692.3,https://www.argenprop.com/departamento-en-venta-en-belgrano-c-5-ambientes--19244193
argenprop,19711085,Departamento,Departamento en venta Almagro,"Sarmiento 4300, Almagro, Capital Federal",Almagro,154000.0,USD,,2.0,,70.0,,290000.0,55.0,2200.0,https://www.argenprop.com/departamento-en-venta-en-almagro-3-ambientes--19711085
argenprop,19719764,Departamento,VENTA DEPARTAMENTO 2 COCHERAS. ALVEAR. PATIO,"Av Alvear 1583 , Piso 1, Recoleta, Capital Federal",Recoleta,780000.0,USD,,4.0,,243.0,,1245000.0,50.0,3209.9,https://www.argenprop.com/departamento-en-venta-en-recoleta-5-ambientes--19719764
argenprop,18667038,Departamento,Divino departamento de tres ambientes más dependencia a la venta en Recoleta.,"Arenales  1378, Recoleta, Capital Federal",Recoleta,223000.0,USD,,2.0,,97.0,,450000.0,35.0,2299.0,https://www.argenprop.com/departamento-en-venta-en-recoleta-3-ambientes--18667038
argenprop,19620824,Departamento,"Semipiso de Estilo. Tres Ambientes con Balcón, en Almagro.","Panamá  al 900 3ro. Frente, Almagro, Capital Federal",Almagro,155000.0,USD,,2.0,,67.0,,280000.0,65.0,2313.4,https://www.argenprop.com/departamento-en-venta-en-almagro-3-ambientes--19620824
argenprop,19675848,Departamento,Departamento en venta en Recoleta,"Posadas 1100, Piso 6, Recoleta, Capital Federal",Recoleta,195000.0,USD,,1.0,,75.0,,,30.0,2600.0,https://www.argenprop.com/departamento-en-venta-en-recoleta-2-ambientes--19675848
argenprop,19350536,Departamento,Piso en venta de 4 ambientes mas dependencia en Palermo,"GUEMES 4000, Palermo, Capital Federal",Palermo,385000.0,USD,,3.0,,138.0,,346000.0,40.0,2789.9,https://www.argenprop.com/departamento-en-venta-en-palermo-4-ambientes--19350536
argenprop,16661672,Departamento,ARAOZ 1036,"ARAOZ 1000, Piso 2, Villa Crespo, Capital Federal",Villa Crespo,140000.0,USD,,1.0,,42.0,,,1.0,3333.3,https://www.argenprop.com/departamento-en-venta-en-villa-crespo-2-ambientes--16661672
argenprop,18188012,Departamento,VENTA DE DPTO 1 AMB NUÑEZ,"Avenida Cabildo 4200, Piso 12, Nuñez, Capital Federal",Nuñez,65000.0,USD,,1.0,,30.0,,119000.0,50.0,2166.7,https://www.argenprop.com/departamento-en-venta-en-nunez-1-ambiente--18188012
argenprop,19244054,Departamento,Departamento en Villa Urquiza 4 amb cochera cubierta y baulera - 2 balcones - Muy luminoso,"Lugones al 2400, Villa Urquiza, Capital Federal",Villa Urquiza,189900.0,USD,,3.0,,74.0,,,40.0,2566.2,https://www.argenprop.com/departamento-en-venta-en-villa-urquiza-4-ambientes--19244054
argenprop,19730789,Departamento,4 ambientes al frente balcon corrido,"Aguero 1000, Piso 3, Barrio Norte, Capital Federal",Barrio Norte,170000.0,USD,,3.0,,73.0,,250000.0,53.0,2328.8,https://www.argenprop.com/departamento-en-venta-en-barrio-norte-4-ambientes--19730789
argenprop,19216976,Departamento,Departamento 3  amb suite balcon aterrazado - cochera - APTO CREDITO  Villa Urquiza,"Diaz Colodrero al 3300, Villa Urquiza, Capital Federal",Villa Urquiza,189000.0,USD,,2.0,,65.0,,,10.0,2907.7,https://www.argenprop.com/departamento-en-venta-en-villa-urquiza-3-ambientes--19216976
argenprop,18805092,Departamento,SEMIP EN O'HIGGINS AL 1700 - 121 M2 BAULERA T/A NVO BCON ESPECT V/ABIERTA 3 BAÑOS,"O'HIGGINS al 1700 2°, Belgrano, Capital Federal",Belgrano,320000.0,USD,,3.0,,121.0,,573000.0,1.0,2644.6,https://www.argenprop.com/departamento-en-venta-en-belgrano-4-ambientes--18805092
argenprop,19557382,Departamento,DEPARTAMENTO EN VENTA MONOAMBIENTE VILLA URQUIZA,"Mariano Acha 3000, Villa Urquiza, Capital Federal",Villa Urquiza,80000.0,USD,,,1.0,33.0,,,9.0,2424.2,https://www.argenprop.com/departamento-en-venta-en-villa-urquiza-1-ambiente--19557382
argenprop,18149482,Departamento,Departamento en Nuñez 2 ambientes,"VUELTA DE OBLIGADO al 4800, Nuñez, Capital Federal",Nuñez,139189.0,USD,,1.0,,52.0,,,0.0,2676.7,https://www.argenprop.com/departamento-en-venta-en-nunez-2-ambientes--18149482
argenprop,18687136,Departamento,VENTA DEPARTAMENTO A ESTRENAR  2 AMBIENTES con cochera ALMAGRO,"QUERANDIES 4400, Piso 9, Almagro, Capital Federal",Almagro,108000.0,USD,,1.0,,40.0,,,0.0,2700.0,https://www.argenprop.com/departamento-en-venta-en-almagro-2-ambientes--18687136
argenprop,18888061,Departamento,Doblas 200  3 ambientes al frente 68m2 reciclado a nuevo Departamento Caballito VENTA,"Doblas al 200 3ambientes al frente reciclado todo a nuevo, Caballito, Capital Federal",Caballito,160000.0,USD,,2.0,,60.0,,300000.0,58.0,2666.7,https://www.argenprop.com/departamento-en-venta-en-caballito-3-ambientes--18888061
argenprop,18515085,Departamento,EXCELENTE 5 AMBIENTES CON DEPENDENCIA - 2 ESPACIOS GUARDACOCHES Y BAULERA,"José Hernández 2000, Belgrano, Capital Federal",Belgrano,650000.0,USD,,4.0,2.0,230.0,,850000.0,,2826.1,https://www.argenprop.com/departamento-en-venta-en-belgrano-5-ambientes--18515085
argenprop,19683764,Departamento,"Oportunidad real: estudio divisible en edificio nuevo, listo para vivir o rentar","Thames 100, Piso 2, Villa Crespo, Capital Federal",Villa Crespo,79000.0,USD,,,1.0,,,130000.0,1.0,,https://www.argenprop.com/departamento-en-venta-en-villa-crespo-1-ambiente--19683764
argenprop,19799436,Departamento,Departamento en venta en Nuñez,"Av Gral. Paz y Av Cabildo, Nuñez, Capital Federal",Nuñez,108000.0,USD,,,,,,210000.0,,,https://www.argenprop.com/departamento-en-venta-en-nunez--19799436
argenprop,18103536,Departamento,2 amb muy bien ubicado ideal primera vivienda,"Senillosa 500, Piso 1, Caballito, Capital Federal",Caballito,85000.0,USD,,1.0,,41.0,,74300.0,70.0,2073.2,https://www.argenprop.com/departamento-en-venta-en-caballito-2-ambientes--18103536
argenprop,19480173,Departamento,DEPARTAMENTO EN VENTA DE 2 AMB EN NUÑEZ,"GUAYRA 2100, Nuñez, Capital Federal",Nuñez,130000.0,USD,,1.0,,155.0,,600000.0,10.0,838.7,https://www.argenprop.com/departamento-en-venta-en-nunez-2-ambientes--19480173
argenprop,19243111,Departamento,"3 Ambientes 86 m2 (total) en Núñez con Suite, 2 Vestidores, Doble Balcón a Estrenar","Av. Cramer al 3300, Nuñez, Capital Federal",Nuñez,225000.0,USD,,2.0,,71.0,,267300.0,0.0,3169.0,https://www.argenprop.com/departamento-en-venta-en-nunez-3-ambientes--19243111
argenprop,19685885,Departamento,Depto. 2 Amb al Frente Estac. LORIA Subte A,"Avenida Rivadavia 3400, Almagro, Capital Federal",Almagro,74900.0,USD,,1.0,1.0,,,85000.0,46.0,,https://www.argenprop.com/departamento-en-venta-en-almagro-2-ambientes--19685885
argenprop,18223436,Departamento,AMPLIO PISO DE TRES AMB. MAS DEPENDENCIA,"Sanchez De Bustamante 2200, Piso 1, Barrio Norte, Capital Federal",Barrio Norte,249000.0,USD,,3.0,,115.0,,400000.0,40.0,2165.2,https://www.argenprop.com/departamento-en-venta-en-barrio-norte-4-ambientes--18223436
argenprop,19089440,Departamento,Departamento 4 ambientes zona Cid Campeador,"Rojas 1300, Villa Crespo, Capital Federal",Villa Crespo,99000.0,USD,,3.0,,65.0,,150000.0,60.0,1523.1,https://www.argenprop.com/departamento-en-venta-en-villa-crespo-4-ambientes--19089440
argenprop,19348703,Departamento,Venta 3 Ambientes Frente balcón corrido Impecable super luminoso,"Av.De Los Incas  al 4600, Villa Urquiza, Capital Federal",Villa Urquiza,142000.0,USD,,2.0,,63.0,,240000.0,35.0,2254.0,https://www.argenprop.com/departamento-en-venta-en-villa-urquiza-3-ambientes--19348703
argenprop,18077894,Departamento,Departamento 2 ambientes en Belgrano,"Av del libertador  al 5500, Belgrano, Capital Federal",Belgrano,112000.0,USD,,1.0,,40.0,,,40.0,2800.0,https://www.argenprop.com/departamento-en-venta-en-belgrano-2-ambientes--18077894
argenprop,19605602,Departamento,Venta Pent House Duplex con terraza y pileta propia/Cochera,"Franklin al 2200, Caballito Norte, Caballito, Capital Federal",Caballito,450000.0,USD,,3.0,3.0,,,348000.0,0.0,,https://www.argenprop.com/departamento-en-venta-en-caballito-norte-4-ambientes--19605602
argenprop,19670139,Departamento,Departamento de 2 amb  amplio y luminoso en Almagro,"Humahuaca 4200, Almagro, Capital Federal",Almagro,85000.0,USD,,,,,,160000.0,,,https://www.argenprop.com/departamento-en-venta-en-almagro--19670139
argenprop,19185103,Departamento,IMPECABLE SEMIPISO! TODO A NUEVO! ESPECTACULAR BALCÓN TERRAZA CON VISTA ABIERTA! Todo luz y sol! ÚNICO! OPORT!,"Avenida Olleros 2700, Colegiales, Capital Federal",Colegiales,245000.0,USD,,2.0,,95.0,,340000.0,40.0,2578.9,https://www.argenprop.com/departamento-en-venta-en-colegiales-3-ambientes--19185103
argenprop,19785846,Departamento,"Departamento - Venta - Argentina, Capital Federal - HEREDIA 1454","HEREDIA 1400, Piso 1, Colegiales, Capital Federal",Colegiales,89800.0,USD,,1.0,,42.0,,100000.0,45.0,2138.1,https://www.argenprop.com/departamento-en-venta-en-colegiales-2-ambientes--19785846
argenprop,19320157,Departamento,PH triplex de 4 ambientes balcón con parrilla y terraza sin expensas Colegiales,"Virrey Avilés al 3200, Colegiales, Capital Federal",Colegiales,265000.0,USD,,3.0,,75.0,,,20.0,3533.3,https://www.argenprop.com/departamento-en-venta-en-colegiales-4-ambientes--19320157
argenprop,18448531,Departamento,"Venta Colegiales Departamento de 2 ambientes con terraza propia, cochera y baulera 105m2 totales","Zarraga  al 3800, Colegiales, Capital Federal",Colegiales,220000.0,USD,,1.0,,46.0,,160000.0,3.0,4782.6,https://www.argenprop.com/departamento-en-venta-en-colegiales-2-ambientes--18448531
argenprop,17928350,Departamento,"DEPARTAMENTO VENTA PISO COMPLETO 2 DORMITORIOS CON DEPENDENCIA - RECOLETA, CAPITAL FEDERAL","AV.CALLAO 1400, Recoleta, Capital Federal",Recoleta,370000.0,USD,,2.0,,205.0,,527000.0,70.0,1804.9,https://www.argenprop.com/departamento-en-venta-en-recoleta-4-ambientes--17928350
argenprop,19471728,Departamento,Oportunidad por 15 días bajo de precio! Excelente departamento,"Junin 1200, Recoleta, Capital Federal",Recoleta,305000.0,USD,,3.0,,140.0,,300000.0,40.0,2178.6,https://www.argenprop.com/departamento-en-venta-en-recoleta-4-ambientes--19471728
argenprop,19111737,Departamento,Departamento 2 Ambientes en Caballito | A estrenar,"RIO DE JANEIRO 500, Piso 3, Caballito, Capital Federal",Caballito,139200.0,USD,,1.0,,40.0,,,0.0,3480.0,https://www.argenprop.com/departamento-en-venta-en-caballito-2-ambientes--19111737
argenprop,19338592,Departamento,Departamento en Villa Crespo,"Lerma 1, Villa Crespo, Capital Federal",Villa Crespo,155000.0,USD,,1.0,,51.0,,,0.0,3039.2,https://www.argenprop.com/departamento-en-venta-en-villa-crespo-2-ambientes--19338592
argenprop,19524229,Departamento,Piso 10 Monoambiente con cochera en Nuñez,"Av cabildo 3900, Piso 10, Nuñez, Capital Federal",Nuñez,118000.0,USD,,,1.0,27.0,,250000.0,10.0,4370.4,https://www.argenprop.com/departamento-en-venta-en-nunez-1-ambiente--19524229
argenprop,19202541,Departamento,Av. Gaona 1300 Caballito 2 ambientes con cochera pileta sum contrafrente,"Gaona al 1300, Caballito, Capital Federal",Caballito,122000.0,USD,,,1.0,43.0,,300000.0,20.0,2837.2,https://www.argenprop.com/departamento-en-venta-en-caballito-1-ambiente--19202541
argenprop,11549042,Departamento,"Exelente 4 amb. con Dep.y cochera fija,  piso 6, contra frente,  sol del este","San Jose de Calasanz 500, Piso 6, Caballito, Capital Federal",Caballito,200000.0,USD,,3.0,,88.0,,470000.0,50.0,2272.7,https://www.argenprop.com/departamento-en-venta-en-caballito-4-ambientes--11549042
argenprop,18930648,Departamento,Aguero al 100 Almagro 3 ambientes Cercanía a Av. Rivadavia,"Aguero 40, Almagro, Capital Federal",Almagro,125000.0,USD,,2.0,,53.0,,227000.0,26.0,2358.5,https://www.argenprop.com/departamento-en-venta-en-almagro-3-ambientes--18930648
argenprop,19070180,Departamento,Monoambiente Funcional Dividido y con Balcón - Ideal Vivienda o Consultorio.,"Hipolito yrigoyen 3800, Piso 3, Almagro, Capital Federal",Almagro,75000.0,USD,,,1.0,32.0,,115000.0,10.0,2343.8,https://www.argenprop.com/departamento-en-venta-en-almagro-1-ambiente--19070180
argenprop,19600005,Departamento,VENTA de DEPARTAMENTO 2 AMBIENTES en ALMAGRO,"Avenida Corrientes 3734, Almagro, Capital Federal",Almagro,89000.0,USD,,1.0,,45.0,,120000.0,40.0,1977.8,https://www.argenprop.com/departamento-en-venta-en-almagro-2-ambientes--19600005
argenprop,8200184,Departamento,Monoambiente en venta Recoleta,"Av. Cordoba 2800, Piso 1, Recoleta, Capital Federal",Recoleta,56000.0,USD,,1.0,,22.0,,110000.0,35.0,2545.5,https://www.argenprop.com/departamento-en-venta-en-recoleta-1-ambiente--8200184
argenprop,19533552,Departamento,Venta departamento 3 ambientes de pozo 2 B ctfre Nuñez,"Vidal 3100, Piso 2, Nuñez, Capital Federal",Nuñez,179500.0,USD,,2.0,,60.0,,,0.0,2991.7,https://www.argenprop.com/departamento-en-venta-en-nunez-3-ambientes--19533552
argenprop,18112991,Departamento,Venta 3 ambientes   Depen con balcón contrafrente   cochera Cubierta en Nuñez Apto crédito.,"Arcos en Nuñez, Nuñez, Capital Federal",Nuñez,238000.0,USD,,3.0,,89.0,,524000.0,45.0,2674.2,https://www.argenprop.com/departamento-en-venta-en-nunez-3-ambientes--18112991
argenprop,18752915,Departamento,Venta Departamento 3 ambientes c/dependencia en Caballito Sur,"Thorne al 300, Caballito Sur, Caballito, Capital Federal",Caballito,123000.0,USD,,2.0,,59.0,,250000.0,40.0,2084.7,https://www.argenprop.com/departamento-en-venta-en-caballito-sur-3-ambientes--18752915
argenprop,17207547,Departamento,"Luminoso monoambiente apto profesional en venta, cerca de todo, en Caballito.","Honorio Pueyrredón 1190, Caballito, Capital Federal",Caballito,95000.0,USD,,1.0,,32.0,,,0.0,2968.8,https://www.argenprop.com/departamento-en-venta-en-caballito-1-ambiente--17207547
argenprop,19240084,Departamento,Departamento en Venta en Almagro (Hipólito Yrigoyen  al 3200) de 3 Amb.,"Hipolito Yrigoyen  al 3200, Almagro, Capital Federal",Almagro,85000.0,USD,,2.0,1.0,,,190000.0,45.0,,https://www.argenprop.com/departamento-en-venta-en-almagro-3-ambientes--19240084
argenprop,18177180,Departamento,Venta Departamento 3 ambientes en Caballito,"Venezuela al 4300, Caballito, Capital Federal",Caballito,115000.0,USD,,,1.0,65.0,,180000.0,50.0,1769.2,https://www.argenprop.com/departamento-en-venta-en-caballito-1-ambiente--18177180
argenprop,19443194,Departamento,Colpayo 600 monoambiente en Caballito baño completo,"Colpayo  al 600, Caballito, Capital Federal",Caballito,59000.0,USD,,,1.0,33.0,,78000.0,20.0,1787.9,https://www.argenprop.com/departamento-en-venta-en-caballito-1-ambiente--19443194
argenprop,18812116,Departamento,"Neuquen al 500 - Depto 4 amb. + dependenia en Cabalito, hermoso balcon aterrazado","Neuquen al 500, Caballito, Capital Federal",Caballito,230000.0,USD,,3.0,,119.0,,300000.0,0.0,1932.8,https://www.argenprop.com/departamento-en-venta-en-caballito-4-ambientes--18812116
argenprop,18523183,Departamento,Venta departamento 2 ambientes Belgrano en pozo,"Conesa al 2800, Belgrano, Capital Federal",Belgrano,156000.0,USD,,1.0,,54.0,,,1.0,2888.9,https://www.argenprop.com/departamento-en-venta-en-belgrano-2-ambientes--18523183
argenprop,19134953,Departamento,"Departamento en venta en Barrio Norte, CABA","Av. Córdoba al 1600, Barrio Norte, Capital Federal",Barrio Norte,235000.0,USD,,2.0,,97.0,,270000.0,40.0,2422.7,https://www.argenprop.com/departamento-en-venta-en-barrio-norte-3-ambientes--19134953
argenprop,12129402,Departamento,Valle 151,"Valle 100, Piso 1, Caballito, Capital Federal",Caballito,268000.0,USD,,3.0,2.0,96.0,,,,2791.7,https://www.argenprop.com/departamento-en-venta-en-caballito-4-ambientes--12129402
argenprop,18815937,Departamento,"Semipiso de Categoria, Edificio con amenities de calidad, en la mejor zona de Caballito","Pedro Goyena  al 1600, Caballito, Capital Federal",Caballito,690000.0,USD,,3.0,,163.0,,,0.0,4233.1,https://www.argenprop.com/departamento-en-venta-en-caballito-4-ambientes--18815937
argenprop,17374759,Departamento,Departamento en venta de 2 ambientes con balcón y parrilla,"Bucarelli 2977 - Villa Urquiza, Villa Urquiza, Capital Federal",Villa Urquiza,135000.0,USD,,1.0,,50.0,,,1.0,2700.0,https://www.argenprop.com/departamento-en-venta-en-villa-urquiza-2-ambientes--17374759
argenprop,18543856,Departamento,VENTA 4 AMB CON PATIO Y PARRILLA SIN EXPENSAS,"Av. Corrientes 3300, Almagro, Capital Federal",Almagro,175000.0,USD,,3.0,,117.0,,,40.0,1495.7,https://www.argenprop.com/departamento-en-venta-en-almagro-4-ambientes--18543856
argenprop,18880386,Departamento,Departamento en  venta Caballito 4 amb con dependencia,"Hidalgo al 300, Caballito, Capital Federal",Caballito,220000.0,USD,,3.0,,98.0,,290000.0,55.0,2244.9,https://www.argenprop.com/departamento-en-venta-en-caballito-4-ambientes--18880386
argenprop,19739127,Departamento,"Departamento - Venta - Argentina, Capital Federal - O Higgins 1900","O Higgins 1900, Belgrano, Capital Federal",Belgrano,350000.0,USD,,3.0,,125.0,,600000.0,45.0,2800.0,https://www.argenprop.com/departamento-en-venta-en-belgrano-4-ambientes--19739127
argenprop,18079191,Departamento,"ANTICIPO Y CUOTAS A CONVENIR, DTO. RECICLADO POSESION YA","Yerbal 676 , Piso 5, Caballito, Capital Federal",Caballito,127000.0,USD,,2.0,,62.0,,125000.0,40.0,2048.4,https://www.argenprop.com/departamento-en-venta-en-caballito-3-ambientes--18079191
argenprop,16951958,Departamento,Emprendimiento en Caballito - 3 ambientes - Entrega Inmediata,"Av. Juan B. Alberdi 268  5º A ( Doblas- Viel), Caballito, Capital Federal",Caballito,210000.0,USD,,2.0,,68.0,,190000.0,5.0,3088.2,https://www.argenprop.com/departamento-en-venta-en-caballito-3-ambientes--16951958
argenprop,19575375,Departamento,DEPARTAMENTO 2 AMBIENTES BELGRANO,"Conesa 2500, Belgrano, Capital Federal",Belgrano,69000.0,USD,,1.0,,25.0,,140000.0,35.0,2760.0,https://www.argenprop.com/departamento-en-venta-en-belgrano-2-ambientes--19575375
argenprop,18358775,Departamento,SEMIP C/DEP EN LAS HERAS AL 2600 - T/A NUEVO FRENTE BALCON COMEDOR DIARIO,"AV. LAS HERAS AL 2600 1°, Recoleta, Capital Federal",Recoleta,169500.0,USD,,2.0,,91.0,,236000.0,40.0,1862.6,https://www.argenprop.com/departamento-en-venta-en-recoleta-3-ambientes--18358775
argenprop,18512801,Departamento,SEMIPISO TRES AMBIENTES CON DEPEN-APTO PROFES.,"Gurruchaga 2400, Piso 1, Botanico, Palermo, Capital Federal",Palermo,225000.0,USD,,4.0,,80.0,,270000.0,60.0,2812.5,https://www.argenprop.com/departamento-en-venta-en-botanico-5-ambientes--18512801
argenprop,19439984,Departamento,(NUEVO) C/DEP EN DONATO ALVAREZ AL 200 - COCH BALCON TODO SOL SUITE VESTIDOR FULL AMENITIES,"DONATO ALVAREZ al 200 11°, Caballito, Capital Federal",Caballito,425000.0,USD,,3.0,,115.0,,,8.0,3695.7,https://www.argenprop.com/departamento-en-venta-en-caballito-4-ambientes--19439984
argenprop,13170335,Departamento,Excelente 2 amb. con balcón y cochera en el piso / Amenities  - Caballito,"Av. Jose M. Moreno 409 4°A ( Con Cochera En El Mismo Piso)  Esq. Av. Juan B. Alberdi, Caballito, Capital Federal",Caballito,183000.0,USD,,1.0,,47.0,,195000.0,0.0,3893.6,https://www.argenprop.com/departamento-en-venta-en-caballito-2-ambientes--13170335
argenprop,19798868,Departamento,DEPARTAMENTO EN VENTA 4 AMBIENTES CON COCHERA Y BAULERA,"Hipolito Yrigoyen 3600, Almagro Sur, Almagro, Capital Federal",Almagro,210000.0,USD,,3.0,,108.0,,,30.0,1944.4,https://www.argenprop.com/departamento-en-venta-en-almagro-sur-4-ambientes--19798868
argenprop,18327768,Departamento,Departamento en Caballito,"Giordano Bruno al 815, Caballito, Capital Federal",Caballito,139900.0,USD,,3.0,,68.0,,134300.0,40.0,2057.4,https://www.argenprop.com/departamento-en-venta-en-caballito-4-ambientes--18327768
argenprop,19715089,Departamento,Venta departamento 3 ambientes en Belgrano,"Ciudad De La Paz 2200, Belgrano Barrancas, Belgrano, Capital Federal",Belgrano,138000.0,USD,,2.0,,60.0,,228000.0,50.0,2300.0,https://www.argenprop.com/departamento-en-venta-en-belgrano-barrancas-3-ambientes--19715089
argenprop,16886313,Departamento,PISO C/DEP EN CUBA AL 2500 - COCH FTE Y CFTE 207 M2 BAULERA BALCON GRAN TZA T/SOL SUITE,"CUBA al 2500 1°, Belgrano, Capital Federal",Belgrano,345000.0,USD,,3.0,,141.0,,815000.0,40.0,2446.8,https://www.argenprop.com/departamento-en-venta-en-belgrano-4-ambientes--16886313
argenprop,19717141,Terreno,DOBLE FRENTE - Excelente Terreno en Villa Urquiza- Lideres en Terrenos,"CAPDEVILA  al 3500, Villa Urquiza, Capital Federal",Villa Urquiza,880000.0,USD,,,,889.0,889.0,,,989.9,https://www.argenprop.com/terreno-en-venta-en-villa-urquiza--19717141
argenprop,19240550,Departamento,"Departamento - Venta - Argentina, Capital Federal - Vera 1200","Vera 1200, Villa Crespo, Capital Federal",Villa Crespo,97000.0,USD,,,1.0,36.0,,140000.0,6.0,2694.4,https://www.argenprop.com/departamento-en-venta-en-villa-crespo-1-ambiente--19240550
argenprop,19726949,Departamento,3 AMBIENTES EN VENTA,"Diaz Colodrero 2755 , Piso 6, Villa Urquiza, Capital Federal",Villa Urquiza,140000.0,USD,,2.0,,55.0,,200000.0,35.0,2545.5,https://www.argenprop.com/departamento-en-venta-en-villa-urquiza-3-ambientes--19726949
argenprop,18692796,Departamento,"Luminoso departamento en piso alto con cochera en venta ubicado en Torre Essence, Belgrano.","Av. Crámer 2462, Belgrano, Capital Federal",Belgrano,430000.0,USD,,3.0,,108.0,,700000.0,10.0,3981.5,https://www.argenprop.com/departamento-en-venta-en-belgrano-4-ambientes--18692796
argenprop,19771699,Departamento,SEMIP EN REPUBLICA ARABE SIRIA Y JUNCAL - FRENTE ENTRADA INDEPENDIENTE TODO SOL DOBLE ENTRADA,"REPUBLICA ARABE SIRIA Y JUNCAL PB, Palermo, Capital Federal",Palermo,169000.0,USD,,1.0,,58.0,,147160.0,40.0,2913.8,https://www.argenprop.com/departamento-en-venta-en-palermo-2-ambientes--19771699
argenprop,18039748,Departamento,"Departamento 3 ambientes Apto profesional con dos Patios de 20 m2, en Caballito","Guayaquil al 500, Caballito, Capital Federal",Caballito,125000.0,USD,,2.0,,56.0,,153000.0,60.0,2232.1,https://www.argenprop.com/departamento-en-venta-en-caballito-3-ambientes--18039748
argenprop,12078589,Departamento,DEPARTAMENTO EN VENTA DE 4 AMBIENTES EN SUITE EN ALMAGRO DE GRAN CATEGORÍA AMENITIES OPORTUNIDAD,"AVENIDA CORRIENTES 3800, Almagro, Capital Federal",Almagro,459999.0,USD,,3.0,,125.0,,,0.0,3680.0,https://www.argenprop.com/departamento-en-venta-en-almagro-4-ambientes--12078589
argenprop,19130856,Departamento,Venta Departamento 1 ambiente en Villa Urquiza,"TAMBORINI  al 5726, Villa Urquiza, Capital Federal",Villa Urquiza,75000.0,USD,,1.0,,25.0,,75000.0,0.0,3000.0,https://www.argenprop.com/departamento-en-venta-en-villa-urquiza-1-ambiente--19130856
argenprop,19489567,Departamento,DEPARTAMENTO EN VENTA DE 4 AMBIENTES CON COCHERA Y DEPENDENCIA EN CABALLITO DE CATEGORIA,"Avenida Diaz Velez  al 5500, Caballito, Capital Federal",Caballito,359999.0,USD,,3.0,,122.0,,400000.0,25.0,2950.8,https://www.argenprop.com/departamento-en-venta-en-caballito-4-ambientes--19489567
argenprop,18898698,Departamento,"Departamento en venta en Barrio Norte, CABA","Rodriguez Peña  al 700, Barrio Norte, Capital Federal",Barrio Norte,123000.0,USD,,3.0,,89.0,,295000.0,50.0,1382.0,https://www.argenprop.com/departamento-en-venta-en-barrio-norte-4-ambientes--18898698
argenprop,19707031,Departamento,50m2 Listos para Ingresar,"Virrey Loreto 1700, Piso 1, Belgrano, Capital Federal",Belgrano,129900.0,USD,,1.0,,41.0,,220000.0,57.0,3168.3,https://www.argenprop.com/departamento-en-venta-en-belgrano-2-ambientes--19707031
argenprop,16661582,Departamento,LAPRIDA 1339,"LAPRIDA 1300, Piso 7, Barrio Norte, Capital Federal",Barrio Norte,241000.0,USD,,1.0,,60.0,,,1.0,4016.7,https://www.argenprop.com/departamento-en-venta-en-barrio-norte-2-ambientes--16661582
argenprop,17674844,Departamento,EXCELENTE DEPARTAMENTO DUEÑO DIRECTO SIN COMISION  ESCUCHO OFERTAS,"Gallo 1000, Barrio Norte, Capital Federal",Barrio Norte,80000.0,USD,,,1.0,35.0,,,,2285.7,https://www.argenprop.com/departamento-en-venta-en-barrio-norte-1-ambiente--17674844
argenprop,18551270,Departamento,Departamento en Venta - 4 ambientes - Balcón - Cochera - Caballito - Parque Rivadavia,"Doblas  al 100, Parque Rivadavia, Caballito, Capital Federal",Caballito,198000.0,USD,,3.0,,91.0,,419000.0,45.0,2175.8,https://www.argenprop.com/departamento-en-venta-en-parque-rivadavia-4-ambientes--18551270
argenprop,19391564,Departamento,"Departamento - Venta - Argentina, Capital Federal - Malabia 2400","Malabia 2400, Palermo, Capital Federal",Palermo,169000.0,USD,,2.0,,95.0,,320000.0,60.0,1778.9,https://www.argenprop.com/departamento-en-venta-en-palermo-3-ambientes--19391564
argenprop,19099177,Departamento,Semipiso de 3 ambientes con cochera fija y Balcón aterrazado en Caballito,"Juan B Alberdi al 300, Caballito, Capital Federal",Caballito,190000.0,USD,,2.0,,59.0,,175000.0,10.0,3220.3,https://www.argenprop.com/departamento-en-venta-en-caballito-3-ambientes--19099177
argenprop,19470311,Departamento,VENTA CABALLITO- SEMI PISO CUATRO AMBIENTES- COCHERA- BALCON - PATIO,"Av Juan Bautista Alberdi  al 1600, Caballito, Capital Federal",Caballito,289000.0,USD,,3.0,,79.0,,460000.0,20.0,3658.2,https://www.argenprop.com/departamento-en-venta-en-caballito-4-ambientes--19470311
argenprop,12802687,Departamento,Departamento en Venta -  3 ambientes en Torre - Cochera fija - Caballito,"Felipe Vallese al 500, Caballito, Capital Federal",Caballito,235000.0,USD,,2.0,,70.0,,285000.0,16.0,3357.1,https://www.argenprop.com/departamento-en-venta-en-caballito-3-ambientes--12802687
argenprop,19704941,Departamento,Duplex| 3 ambientes| Cochera fija | Venta Belgrano,"Av.libertador 5500, Piso 9, Belgrano, Capital Federal",Belgrano,330000.0,USD,,2.0,,84.0,,350000.0,25.0,3928.6,https://www.argenprop.com/departamento-en-venta-en-belgrano-3-ambientes--19704941
argenprop,19704942,Departamento,Monoambiente | Con balcón luminoso| Venta en Belgrano,"Arribeños 2500, Piso 4, Belgrano, Capital Federal",Belgrano,99000.0,USD,,,1.0,31.0,,150000.0,7.0,3193.5,https://www.argenprop.com/departamento-en-venta-en-belgrano-1-ambiente--19704942
argenprop,19704949,Departamento,2 ambientes divisible con Amenities premium | Venta,"Olazabal 2400, Piso 4, Belgrano, Capital Federal",Belgrano,135000.0,USD,,1.0,,40.0,,,0.0,3375.0,https://www.argenprop.com/departamento-en-venta-en-belgrano-2-ambientes--19704949
argenprop,7281906,Departamento,Monoambiente cerca de todas las universidades DUEÑO DIRECTO,"Gallo 1088 , Piso 5, Barrio Norte, Capital Federal",Barrio Norte,80000.0,USD,,,1.0,35.0,,,40.0,2285.7,https://www.argenprop.com/departamento-en-venta-en-barrio-norte-1-ambiente--7281906
argenprop,19101972,Departamento,Venta Departamento Tres Ambientes Frente Balcón Apto Crédito,"Cullen 5200 , Piso 6, Villa Urquiza, Capital Federal",Villa Urquiza,149000.0,USD,,2.0,,68.0,,150000.0,32.0,2191.2,https://www.argenprop.com/departamento-en-venta-en-villa-urquiza-3-ambientes--19101972
argenprop,19612685,Departamento,"Departamento de 3 ambientes en venta en Recoleta con baulera, toilette y baño completo","Charcas  al 3200, Recoleta, Capital Federal",Recoleta,175000.0,USD,,2.0,,68.0,,160524.0,50.0,2573.5,https://www.argenprop.com/departamento-en-venta-en-recoleta-3-ambientes--19612685
argenprop,19769794,Departamento,3 AMBIENTES CON BALCÓN - APTO CRÉDITO,"Estrada   100, Caballito, Capital Federal",Caballito,115000.0,USD,,2.0,,52.0,,193500.0,25.0,2211.5,https://www.argenprop.com/departamento-en-venta-en-caballito-3-ambientes--19769794
argenprop,19471802,Departamento,Excelente 2 ambientes al frente,"Thompson 800, Caballito Sur, Caballito, Capital Federal",Caballito,130000.0,USD,2.0,1.0,1.0,,,120000.0,,,https://www.argenprop.com/departamento-en-venta-en-caballito-sur-2-ambientes--19471802
argenprop,19217585,Departamento,(NUEVO) SEMIP EN MIRO Y AV. DIRECTORIO - FTE Y CFTE COCHERA BAULERA TZA BALCON SUITE C/VESTIDOR,"MIRO Y AV. DIRECTORIO 2°, Caballito, Capital Federal",Caballito,360000.0,USD,,3.0,,133.0,,451168.0,13.0,2706.8,https://www.argenprop.com/departamento-en-venta-en-caballito-4-ambientes--19217585
argenprop,18420522,Departamento,VENTA 2 AMBIENTES CON BALCON Y COCHERA,"PUJOL 900, Piso 2, Caballito, Capital Federal",Caballito,119000.0,USD,,1.0,,62.0,,200000.0,2.0,1919.4,https://www.argenprop.com/departamento-en-venta-en-caballito-2-ambientes--18420522
argenprop,15511560,Departamento,CURAPALIGUE Y AV. JUAN B. ALBERDI - T/AL CFTE T/A NUEVO GRAN BCON TZA C/CERR TODO SOL T/EXTERNO,"CURAPALIGUE Y AV. JUAN B. ALBERDI 2°, Caballito, Capital Federal",Caballito,139000.0,USD,,2.0,,52.0,,120050.0,40.0,2673.1,https://www.argenprop.com/departamento-en-venta-en-caballito-3-ambientes--15511560
argenprop,18034554,Departamento,(NUEVO) DONATO ALVAREZ AL 200 - COCH 99 M2 BALCON TODO SOL SUITE VESTIDOR FULL AMENITIES,"DONATO ALVAREZ al 200 4°, Caballito, Capital Federal",Caballito,310000.0,USD,,3.0,,99.0,,481219.0,8.0,3131.3,https://www.argenprop.com/departamento-en-venta-en-caballito-4-ambientes--18034554
argenprop,19776005,Departamento,Departamento venta 4 ambientes con escritorio patio balcon y cochera fija Colegiales,"Zapiola  al 700, Colegiales, Capital Federal",Colegiales,300000.0,USD,,3.0,,101.0,,280000.0,50.0,2970.3,https://www.argenprop.com/departamento-en-venta-en-colegiales-4-ambientes--19776005
argenprop,19690636,Departamento,Depto. 2 Amb a Estrenar con Amenities. Exclusiva Ubicación Frente Al Parque,"Moldes 920, Colegiales, Capital Federal",Colegiales,223978.0,USD,,1.0,,56.0,,,0.0,3999.6,https://www.argenprop.com/departamento-en-venta-en-colegiales-2-ambientes--19690636
argenprop,19690652,Departamento,Depto. 4 Ambientes a Estrenar con Parrilla Individual,"Moldes 920, Colegiales, Capital Federal",Colegiales,456699.0,USD,,3.0,,112.0,,,0.0,4077.7,https://www.argenprop.com/departamento-en-venta-en-colegiales-4-ambientes--19690652
argenprop,19690650,Departamento,Depto. 3 Amb a Estrenar con Amenities. Exclusiva Ubicación Frente Al Parque,"Moldes 920, Colegiales, Capital Federal",Colegiales,341512.0,USD,,2.0,,96.0,,,0.0,3557.4,https://www.argenprop.com/departamento-en-venta-en-colegiales-3-ambientes--19690650
argenprop,19690649,Departamento,Depto. 5 Ambientes a Estrenar con Parrilla Individual,"Moldes 780, Colegiales, Capital Federal",Colegiales,570000.0,USD,,4.0,,145.0,,,0.0,3931.0,https://www.argenprop.com/departamento-en-venta-en-colegiales-5-ambientes--19690649
argenprop,19690657,Departamento,Depto. 4 Ambientes a Estrenar con Parrilla Individual,"Moldes 780, Colegiales, Capital Federal",Colegiales,515000.0,USD,,3.0,,117.0,,,0.0,4401.7,https://www.argenprop.com/departamento-en-venta-en-colegiales-4-ambientes--19690657
argenprop,19697119,Departamento,Depto. 3 Amb a Estrenar con Amenities. Exclusiva Ubicación Frente Al Parque,"Moldes 920, Colegiales, Capital Federal",Colegiales,431062.0,USD,,2.0,,97.0,,,0.0,4443.9,https://www.argenprop.com/departamento-en-venta-en-colegiales-3-ambientes--19697119
argenprop,19697121,Departamento,Depto. 4 Ambientes a Estrenar con Parrilla Individual,"Moldes 780, Colegiales, Capital Federal",Colegiales,560000.0,USD,,3.0,,137.0,,,0.0,4087.6,https://www.argenprop.com/departamento-en-venta-en-colegiales-4-ambientes--19697121
argenprop,19593832,Departamento,Venta departamento Dos ambientes con Dos patios bajas expensas 48m2 colegiales,"Av. A. Thomas al 1500 y Estomba, Colegiales, Capital Federal",Colegiales,90000.0,USD,,1.0,,40.0,,160000.0,45.0,2250.0,https://www.argenprop.com/departamento-en-venta-en-colegiales-2-ambientes--19593832
argenprop,19232884,Departamento,"Dto. 2 amb impecable estado. Dorm en suite c/vestidor. Gran balcón, piso alto, vista abierta. Toil.","Gregoria Perez al 3400, Colegiales, Capital Federal",Colegiales,240000.0,USD,,1.0,,58.0,,260000.0,2.0,4137.9,https://www.argenprop.com/departamento-en-venta-en-colegiales-2-ambientes--19232884
argenprop,19648401,Departamento,Venta Departamento 3 ambientes con patio en Colegiales,"Zapata al 500, Colegiales, Capital Federal",Colegiales,129900.0,USD,,2.0,,50.0,,155000.0,45.0,2598.0,https://www.argenprop.com/departamento-en-venta-en-colegiales-3-ambientes--19648401
argenprop,19149875,Departamento,Departamento venta 1 ambiente colegiales,"Virrey Loreto al 3500, Colegiales, Capital Federal",Colegiales,115000.0,USD,,1.0,,40.0,,80000.0,0.0,2875.0,https://www.argenprop.com/departamento-en-venta-en-colegiales-1-ambiente--19149875
argenprop,19541068,Departamento,Departamento 3 ambientes al frente en Caballito,"Rivadavia al 5600, Caballito, Capital Federal",Caballito,119000.0,USD,,2.0,,70.0,,130000.0,60.0,1700.0,https://www.argenprop.com/departamento-en-venta-en-caballito-3-ambientes--19541068
argenprop,19336817,Departamento,SEMIP AV. LAS HERAS AL 2900 - FRENTE 117 M2 2 COCHERAS BAULERA BALCON T/SOL SUITE D/ENTRADA,"AV. LAS HERAS al 2900 5°, Recoleta, Capital Federal",Recoleta,275000.0,USD,,3.0,,104.0,,721000.0,40.0,2644.2,https://www.argenprop.com/departamento-en-venta-en-recoleta-4-ambientes--19336817
argenprop,18945975,Departamento,TIPO CASA S/EXP EN BEAUCHEF AL 800 - TODO A NUEVO ESPECT LIVING Y COMEDOR VESTIDOR,"BEAUCHEF al 800 PB, Caballito, Capital Federal",Caballito,185000.0,USD,,2.0,,90.0,,,70.0,2055.6,https://www.argenprop.com/departamento-en-venta-en-caballito-3-ambientes--18945975
argenprop,19561713,Departamento,PISO C/DEP EN AYACUCHO Y AV. ALVEAR - FTE Y CFTE COCHERA BAULERA BALCON V/ABIERTA TODO SOL,"AYACUCHO Y AV. ALVEAR 9°, Recoleta, Capital Federal",Recoleta,530000.0,USD,,4.0,,174.0,,1354500.0,55.0,3046.0,https://www.argenprop.com/departamento-en-venta-en-recoleta-5-ambientes--19561713
argenprop,19222961,Departamento,VENTA DE DEPTO 2 AMB VILLA CRESPO,"Av. Corrientes 5800, Piso 6, Villa Crespo, Capital Federal",Villa Crespo,77000.0,USD,,1.0,,41.0,,135000.0,45.0,1878.0,https://www.argenprop.com/departamento-en-venta-en-villa-crespo-2-ambientes--19222961
argenprop,18309051,Departamento,Extraordinaria PB a/prof c/fte 3 amb patio bño toil cocina c/pequeño offic lav impec estado,"Ciudad De La Paz 2100, Piso PB, Belgrano, Capital Federal",Belgrano,129000.0,USD,,2.0,,63.0,,200000.0,40.0,2047.6,https://www.argenprop.com/departamento-en-venta-en-belgrano-3-ambientes--18309051
argenprop,18607236,Departamento,Departamento en Colegiales,"Cordoba  al 6057, Colegiales, Capital Federal",Colegiales,139900.0,USD,,3.0,,76.0,,250000.0,30.0,1840.8,https://www.argenprop.com/departamento-en-venta-en-colegiales-4-ambientes--18607236
argenprop,18500290,Departamento,"VENTA | DEPARTAMENTO 4 AMBIENTES CON DEPENDENCIA Y BAULERA – AV. SANTA FE al 2800 (6º piso, frente)","Av. Santa Fe  al 2800, Recoleta, Capital Federal",Recoleta,245000.0,USD,,2.0,,109.0,,221000.0,60.0,2247.7,https://www.argenprop.com/departamento-en-venta-en-recoleta-4-ambientes--18500290
argenprop,17269794,Departamento,DE REVISTA! Espectacular balcón terraza c/parrilla! AMOBLADO CON DISEÑO! Full amenities! 2 Cocheras! Vig24hs! ÚNICO! OPORT!,"Tronador 3400, Saavedra, Capital Federal",Saavedra,890000.0,USD,,3.0,,250.0,,1000000.0,15.0,3560.0,https://www.argenprop.com/departamento-en-venta-en-saavedra-4-ambientes--17269794
argenprop,19614793,Departamento,Monoambiente de 35.5 m2 A ESTRENAR en SAAVEDRA con COCHERA y BAULERA,"Deheza al 3100, Saavedra, Capital Federal",Saavedra,110000.0,USD,,1.0,,32.0,,180000.0,0.0,3437.5,https://www.argenprop.com/departamento-en-venta-en-saavedra-1-ambiente--19614793
argenprop,19402792,Departamento,Departamento tipo PH 2 ambientes en PB con jardín 63m2 totales Bajas expensas Saavedra,"Nuñez al 4600, Saavedra, Capital Federal",Saavedra,120000.0,USD,,1.0,,40.0,,100000.0,19.0,3000.0,https://www.argenprop.com/departamento-en-venta-en-saavedra-2-ambientes--19402792
argenprop,17663965,Departamento,4 AMBIENTES  A ESTRENAR,"Conde 4100, Piso 1, Saavedra, Capital Federal",Saavedra,175000.0,USD,,3.0,,64.7,,110000.0,0.0,2704.8,https://www.argenprop.com/departamento-en-venta-en-saavedra-4-ambientes--17663965
argenprop,19691742,Departamento,PH en Saavedra con Patio Interno y Excelente Ubicación,"Av Cramer al 3600, Saavedra, Capital Federal",Saavedra,129000.0,USD,,1.0,,43.0,,62300.0,45.0,3000.0,https://www.argenprop.com/departamento-en-venta-en-saavedra-2-ambientes--19691742
argenprop,19640501,Departamento,Emprendimiento en venta en Saavedra,"Avenida Cramer al 3600, Saavedra, Capital Federal",Saavedra,108000.0,USD,,,1.0,50.0,,,1.0,2160.0,https://www.argenprop.com/departamento-en-venta-en-saavedra-1-ambiente--19640501
argenprop,19203548,Departamento,DEPARTAMENTO TIPO DUPLEX 2 AMBIENTES Y MEDIO CON TERRAZA PROPIA,"Ramallo 4400, Piso 1, Saavedra, Capital Federal",Saavedra,125000.0,USD,,1.0,,58.0,,170000.0,15.0,2155.2,https://www.argenprop.com/departamento-en-venta-en-saavedra-2-ambientes--19203548
argenprop,18780270,Departamento,Venta Departamento 2 ambientes Villa Urquiza,"TAMBORINI  al 5726, Villa Urquiza, Capital Federal",Villa Urquiza,123000.0,USD,,1.0,,40.0,,115000.0,0.0,3075.0,https://www.argenprop.com/departamento-en-venta-en-villa-urquiza-2-ambientes--18780270
argenprop,19136217,Departamento,BAJAS EXPENSAS - APTO CREDITO - Al FRENTE c/ Balcon   Cochera   VENTA departamento Monoambiente,"TAMBORINI JOSE P. 3700, Villa Urquiza, Capital Federal",Villa Urquiza,89000.0,USD,,1.0,,29.0,,150000.0,12.0,3069.0,https://www.argenprop.com/departamento-en-venta-en-villa-urquiza-1-ambiente--19136217
argenprop,18604250,Departamento,Venta Departamento 1 ambiente Villa Urquiza,"Avenida Olazabal al 5500, Villa Urquiza, Capital Federal",Villa Urquiza,110000.0,USD,,1.0,,33.0,,127000.0,0.0,3333.3,https://www.argenprop.com/departamento-en-venta-en-villa-urquiza-1-ambiente--18604250
argenprop,16661578,Departamento,Smart Point Villa Urquiza,"LE BRETON, TOMAS 5000, Piso 12, Villa Urquiza, Capital Federal",Villa Urquiza,155600.0,USD,,1.0,,39.0,,,1.0,3989.7,https://www.argenprop.com/departamento-en-venta-en-villa-urquiza-2-ambientes--16661578
argenprop,19672431,Departamento,Venta Departamento 3 ambientes Caballito terraza cochera baulera,"Avenida Gaona 2344, Caballito Norte, Caballito, Capital Federal",Caballito,179000.0,USD,,2.0,,74.0,,313000.0,45.0,2418.9,https://www.argenprop.com/departamento-en-venta-en-caballito-norte-3-ambientes--19672431
argenprop,18711788,Departamento,SEMIP EN ARANGUREN AL 1200 - FRENTE IMPECABLE BALCON TODO SOL ESPECTACULAR LIVING,"ARANGUREN al 1200 2°, Caballito, Capital Federal",Caballito,109000.0,USD,,2.0,,58.0,,178000.0,40.0,1879.3,https://www.argenprop.com/departamento-en-venta-en-caballito-3-ambientes--18711788
argenprop,18618616,Departamento,"Departamento en venta en Barrio Norte, CABA","Av. Córdoba al 1500, Barrio Norte, Capital Federal",Barrio Norte,145000.0,USD,,2.0,,73.0,,,40.0,1986.3,https://www.argenprop.com/departamento-en-venta-en-barrio-norte-3-ambientes--18618616
argenprop,17207572,Departamento,"Luminoso monoambiente apto profesional en venta, cerca de todo, en Caballito.","Honorio Pueyrredón 1100, Caballito, Capital Federal",Caballito,99000.0,USD,,1.0,,36.0,,,0.0,2750.0,https://www.argenprop.com/departamento-en-venta-en-caballito-1-ambiente--17207572
argenprop,18358140,Departamento,Gran 3 ambientes de categoria con cocina integrada full amenities en Caballito SUr,"Nicasio Oroño 100, Caballito, Capital Federal",Caballito,210000.0,USD,,2.0,,70.0,,,1.0,3000.0,https://www.argenprop.com/departamento-en-venta-en-caballito-3-ambientes--18358140
argenprop,18415337,Departamento,PISO C/DEP EN AV. JUAN B. ALBERDI AL 1000 - 2 COCHERAS ESCRITORIO ESPECT SUITE 2 BALCONES,"AV. JUAN B. ALBERDI al 1000 6°, Caballito, Capital Federal",Caballito,579000.0,USD,,4.0,,238.0,,1198800.0,40.0,2432.8,https://www.argenprop.com/departamento-en-venta-en-caballito-5-ambientes--18415337
argenprop,16786935,Departamento,YERBAL AL 1600 - T/AL FRENTE BAULERA T/A NUEVO BALCON T/SOL T/EXTERNO,"YERBAL al 1600 1°, Caballito, Capital Federal",Caballito,132000.0,USD,,2.0,,56.0,,142600.0,60.0,2357.1,https://www.argenprop.com/departamento-en-venta-en-caballito-3-ambientes--16786935
argenprop,15717203,Departamento,PISO C/DEP Y ESCRITORIO EN LA PAMPA AL 1900 - T/AL FTE 217 M2 TOT COCHERA BAULERA 3 BALCONES SUITE,"LA PAMPA al 1900 9°, Belgrano, Capital Federal",Belgrano,540000.0,USD,,4.0,,198.0,,630000.0,40.0,2727.3,https://www.argenprop.com/departamento-en-venta-en-belgrano-5-ambientes--15717203
argenprop,19162245,Departamento,"Departamento en venta en Barrio Norte, CABA","Paraguay al 1200, Barrio Norte, Capital Federal",Barrio Norte,96000.0,USD,,1.0,,42.0,,154000.0,50.0,2285.7,https://www.argenprop.com/departamento-en-venta-en-barrio-norte-2-ambientes--19162245
argenprop,19550850,Departamento,Departamento 4 ambientes en venta en Caballito con cochera y balcon,"RIVADAVIA  al 6100, Caballito, Capital Federal",Caballito,160000.0,USD,,3.0,,70.0,,372000.0,50.0,2285.7,https://www.argenprop.com/departamento-en-venta-en-caballito-4-ambientes--19550850
argenprop,18111753,Departamento,DONATO ALVAREZ AL 300 - CONTRAFRENTE BALCON ESPECTACULAR VISTA ABIERTA DOBLE ENTRADA,"DONATO ALVAREZ al 300 5°, Caballito, Capital Federal",Caballito,134500.0,USD,,3.0,,75.0,,170000.0,55.0,1793.3,https://www.argenprop.com/departamento-en-venta-en-caballito-4-ambientes--18111753
argenprop,17181767,Departamento,SEMIP EN DONATO ALVAREZ AL 400 - IMPECABLE (20 AÑOS) COCHERA BALCON TODO SOL TODO EXTERNO,"DONATO ALVAREZ al 400 7°, Caballito, Capital Federal",Caballito,194900.0,USD,,3.0,,70.0,,266000.0,20.0,2784.3,https://www.argenprop.com/departamento-en-venta-en-caballito-4-ambientes--17181767
argenprop,8136165,Departamento,VENTA DEPARTAMENTO BELGRANO CON COCHERA.,"Mendoza al 1700, Belgrano, Capital Federal",Belgrano,140000.0,USD,,,1.0,30.0,,195000.0,8.0,4666.7,https://www.argenprop.com/departamento-en-venta-en-belgrano-1-ambiente--8136165
argenprop,19364523,PH,PH CABALLITO EN VENTA CON JARDIN,"YERBAL  al 1700, Caballito, Capital Federal",Caballito,198000.0,USD,,3.0,,139.0,,,45.0,1424.5,https://www.argenprop.com/ph-en-venta-en-caballito-4-ambientes--19364523
argenprop,19698917,PH,PH en Caballito,"Leopoldo Marechal  al 900, Caballito, Capital Federal",Caballito,176000.0,USD,,3.0,,128.0,,,60.0,1375.0,https://www.argenprop.com/ph-en-venta-en-caballito--19698917
argenprop,18332615,Departamento,Departamento 3 amb en VENTA a Estrenar con COCHERA,"Pinto  al 3500, Saavedra, Capital Federal",Saavedra,289000.0,USD,,2.0,,87.0,,,0.0,3321.8,https://www.argenprop.com/departamento-en-venta-en-saavedra-3-ambientes--18332615
argenprop,19643660,Departamento,AV. RIVADAVIA AL 6100 - IMPECABLE TODO SOL BAÑO Y COCINA COMPLETOS,"AV. RIVADAVIA al 6100 2°, Caballito, Capital Federal",Caballito,75000.0,USD,,1.0,,32.0,,171522.0,40.0,2343.8,https://www.argenprop.com/departamento-en-venta-en-caballito-2-ambientes--19643660
argenprop,14581719,Departamento,Excelente Semipiso de categoría con balcón - Caballito,"E. Mitre 280 1ºB (Valle - Hualfin), Caballito, Capital Federal",Caballito,185000.0,USD,,2.0,,66.0,,178000.0,5.0,2803.0,https://www.argenprop.com/departamento-en-venta-en-caballito-3-ambientes--14581719
argenprop,18877648,Departamento,Venta Departamento 2 Ambientes en Caballito con Cochera fija,"Diaz Velez al 4400, Caballito, Capital Federal",Caballito,155000.0,USD,,1.0,,38.0,,200000.0,2.0,4078.9,https://www.argenprop.com/departamento-en-venta-en-caballito-2-ambientes--18877648
argenprop,18877640,Departamento,Venta Departamento 2 Ambientes en Almagro,"Diaz Velez al 4400, Caballito, Capital Federal",Caballito,115000.0,USD,,1.0,,31.0,,160000.0,2.0,3709.7,https://www.argenprop.com/departamento-en-venta-en-caballito-2-ambientes--18877640
argenprop,19798719,Departamento,ROSARIO 700 3 Ambientes a la calle reciclado a nuevo 70m2 Departamento Caballito VENTA,"ROSARIO al 700 3 ambientes a la calle Reciclado a nuevo, Caballito, Capital Federal",Caballito,147500.0,USD,,,1.0,,,180000.0,60.0,,https://www.argenprop.com/departamento-en-venta-en-caballito-1-ambiente--19798719
argenprop,19748828,Departamento,(A RECICLAR) SEMIP EN TRES ARROYOS Y AV. DONATO ALVAREZ - BALCON V/ABIERTA TODO SOL,"TRES ARROYOS Y DONATO ALVAREZ 7°, Caballito, Capital Federal",Caballito,83000.0,USD,,1.0,,42.0,,81000.0,40.0,1976.2,https://www.argenprop.com/departamento-en-venta-en-caballito-2-ambientes--19748828
argenprop,15512463,Departamento,Venta. Departamento. 1 ambiente. Balcón. Frente. Almagro,"Francisco Acuña de Figueroa  776 2º B, Almagro, Capital Federal",Almagro,78750.0,USD,,,1.0,29.0,,,0.0,2715.5,https://www.argenprop.com/departamento-en-venta-en-almagro-1-ambiente--15512463
argenprop,19818177,Departamento,Departamento Monoambiente apto profesional . Próximo a Gral Paz,"Lugones al 4600, Saavedra, Capital Federal",Saavedra,105000.0,USD,,,1.0,53.0,,90000.0,0.0,1981.1,https://www.argenprop.com/departamento-en-venta-en-saavedra-1-ambiente--19818177
argenprop,16180833,Departamento,"Excelente piso de 4 ambientes con 2 cocheras, balcón y amenities!","Av. Pedro Goyena 1700, Caballito, Capital Federal",Caballito,614900.0,USD,,3.0,,136.0,,600000.0,3.0,4521.3,https://www.argenprop.com/departamento-en-venta-en-caballito-4-ambientes--16180833
argenprop,17961411,Departamento,Departamento Piso completo en Belgrano,"Arribeños al 1700, Belgrano Barrancas, Belgrano, Capital Federal",Belgrano,799000.0,USD,,4.0,,175.0,,1000000.0,50.0,4565.7,https://www.argenprop.com/departamento-en-venta-en-belgrano-barrancas-5-ambientes--17961411
argenprop,17972847,Departamento,"Venta de Departamento 3 AMBIENTES en Villa Urquiza, Capital Federal","Olazábal 5200, Piso 4, Villa Urquiza, Capital Federal",Villa Urquiza,135000.0,USD,,2.0,,54.0,,103000.0,30.0,2500.0,https://www.argenprop.com/departamento-en-venta-en-villa-urquiza-3-ambientes--17972847
argenprop,19228813,Departamento,Dúplex con terraza y vistas abiertas – Mucha luz – A 1 cuadra de Cabildo,"Ciudad De La Paz 3700, Nuñez, Capital Federal",Nuñez,220000.0,USD,,1.0,,73.0,,239000.0,13.0,3013.7,https://www.argenprop.com/departamento-en-venta-en-nunez-2-ambientes--19228813
argenprop,19381982,Departamento,Excelente dpto. de 4 amb. Al frente sobre Pedro Goyena,"Av. Pedro Goyena 1600, Piso 9, Caballito, Capital Federal",Caballito,325000.0,USD,,3.0,3.0,90.0,,500000.0,,3611.1,https://www.argenprop.com/departamento-en-venta-en-caballito-4-ambientes--19381982
argenprop,19633224,Departamento,Venta depto 4 amb y dep Caballito Baulera comodo,"Hidalgo 100, Caballito, Capital Federal",Caballito,200000.0,USD,,3.0,,91.17,,475082.0,30.0,2193.7,https://www.argenprop.com/departamento-en-venta-en-caballito-5-ambientes--19633224
argenprop,19627992,Departamento,Hermoso monoambiente. Bajas exp.! Baño y cocina completos,"Billinghurst 1500, Piso 1, Recoleta, Capital Federal",Recoleta,71500.0,USD,,,1.0,23.0,,80000.0,,3108.7,https://www.argenprop.com/departamento-en-venta-en-recoleta-1-ambiente--19627992
argenprop,18625088,Departamento,Senillosa 900 - 2 Ambientes - Balcon - Lavadero 52m2 Venta CABALLITO,"Senillosa al 900, Caballito, Capital Federal",Caballito,102000.0,USD,,1.0,,49.0,,90000.0,40.0,2081.6,https://www.argenprop.com/departamento-en-venta-en-caballito-2-ambientes--18625088
argenprop,19174168,Departamento,Venta Departamento dos ambientes Apto Profesional,"Juan B Alberdi al 1300, Caballito, Capital Federal",Caballito,79500.0,USD,,1.0,,44.0,,110000.0,64.0,1806.8,https://www.argenprop.com/departamento-en-venta-en-caballito-2-ambientes--19174168
argenprop,18256170,Casa,Casa Tipo Dúplex de 6 Ambientes con Jardín y Terraza en Villa Urquiza,"Ceretti 2600, Villa Urquiza, Capital Federal",Villa Urquiza,500000.0,USD,,4.0,,240.0,,,30.0,2083.3,https://www.argenprop.com/casa-en-venta-en-villa-urquiza-6-ambientes--18256170
argenprop,19306345,Casa,Casa en Villa Urquiza,"TOMAS LE BRETON  al 4400, Villa Urquiza, Capital Federal",Villa Urquiza,350000.0,USD,,3.0,2.0,,,,1.0,,https://www.argenprop.com/casa-en-venta-en-villa-urquiza-4-ambientes--19306345
argenprop,19279966,PH,VENTA • CABALLITO• PH • TRES AMBIENTES •  TERRAZA • COCHERA DE MOTO,"Calasanz  al 500, Caballito, Capital Federal",Caballito,220000.0,USD,,2.0,,130.0,,,30.0,1692.3,https://www.argenprop.com/ph-en-venta-en-caballito-3-ambientes--19279966
argenprop,17694165,Departamento,Departamento 3 ambientes + escritorio o 3° dorm. impecable,"Av. San Martín 1800, Villa Crespo, Capital Federal",Villa Crespo,96000.0,USD,,2.0,,47.0,,140000.0,40.0,2042.6,https://www.argenprop.com/departamento-en-venta-en-villa-crespo-3-ambientes--17694165
argenprop,19704629,Departamento,Departamento  3 amb + dep + Cochera Fija + Baulera,"Paraguay 4700, Piso 18, Botanico, Palermo, Capital Federal",Palermo,500000.0,USD,,2.0,,88.0,,619000.0,12.0,5681.8,https://www.argenprop.com/departamento-en-venta-en-botanico-3-ambientes--19704629
argenprop,19278534,Departamento,Departamento al frente esquina panoramica,"Araoz  al 300, Villa Crespo, Capital Federal",Villa Crespo,135000.0,USD,,2.0,,60.0,,140000.0,50.0,2250.0,https://www.argenprop.com/departamento-en-venta-en-villa-crespo-3-ambientes--19278534
argenprop,18469258,Departamento,A ESTRENAR SEMIP EN JULIAN ALVAREZ AL 700 - TODO AL FRENTE BALCON TODO SOL AMPLIO LIVING,"JULIAN ALVAREZ al 700 2°, Villa Crespo, Capital Federal",Villa Crespo,172000.0,USD,,2.0,,65.0,,,0.0,2646.2,https://www.argenprop.com/departamento-en-venta-en-villa-crespo-3-ambientes--18469258
argenprop,19428866,Departamento,Soberbia vista al río. Penthouse tríplex con terraza propia y vista panorámica.,"Vedia 1700, Piso 18, Lomas de Nuñez, Nuñez, Capital Federal",Nuñez,849000.0,USD,,4.0,,277.0,,1934000.0,42.0,3065.0,https://www.argenprop.com/departamento-en-venta-en-lomas-de-nunez-8-ambientes--19428866
argenprop,19457071,Departamento,ARANGUREN AL 1800 - 7 AÑOS FRENTE ESCRIT COCHERA BAULERA PATIO TZA BALCON,"ARANGUREN al 1800 1°, Caballito, Capital Federal",Caballito,200000.0,USD,,2.0,,69.0,,347000.0,7.0,2898.6,https://www.argenprop.com/departamento-en-venta-en-caballito-3-ambientes--19457071
argenprop,19615768,Casa,PH - CASA - JARDIN - QUINCHO - PARRILLA - COCHERA - VENTA 3 DORMITORIOS en Villa Urquiza,"Ballivian  al 3300, Villa Urquiza, Capital Federal",Villa Urquiza,450000.0,USD,,3.0,,155.0,,,0.0,2903.2,https://www.argenprop.com/casa-en-venta-en-villa-urquiza-5-ambientes--19615768
argenprop,19190234,Departamento,Frente balcon amoblado,"Azcuénaga 1800, Piso 5, Recoleta, Capital Federal",Recoleta,119000.0,USD,,,,,,130000.0,2.0,,https://www.argenprop.com/departamento-en-venta-en-recoleta--19190234
argenprop,19704753,Departamento,VENTA DEPARTAMENTO 2 AMBIENTES CON BAJAS EXPENSAS,"Mendoza 5244 , Piso 6, Villa Urquiza, Capital Federal",Villa Urquiza,105000.0,USD,,1.0,,42.0,,105000.0,50.0,2500.0,https://www.argenprop.com/departamento-en-venta-en-villa-urquiza-2-ambientes--19704753
argenprop,19704772,Departamento,VENTA DOS AMBIENTES CON BALCON VILLA URQUIZA,"Echeverria 5039 , Piso 4, Villa Urquiza, Capital Federal",Villa Urquiza,117000.0,USD,,1.0,,40.0,,200000.0,18.0,2925.0,https://www.argenprop.com/departamento-en-venta-en-villa-urquiza-2-ambientes--19704772
argenprop,19766741,Departamento,VENTA DEPARTAMENTO 2 AMBIENTES CON BALCÓN EN VILLA URQUIZA,"Mendoza 5881 , Piso 2, Villa Urquiza, Capital Federal",Villa Urquiza,114000.0,USD,,1.0,,41.0,,180000.0,12.0,2780.5,https://www.argenprop.com/departamento-en-venta-en-villa-urquiza-2-ambientes--19766741
argenprop,19248453,Departamento,VENTA RECOLETA GRAN AMBIENTE BALCON BAULERA APTO CREDITO,"Santa Fe 2200, Piso 9, Recoleta, Capital Federal",Recoleta,110000.0,USD,,,1.0,37.0,,230000.0,42.0,2973.0,https://www.argenprop.com/departamento-en-venta-en-recoleta-1-ambiente--19248453
